Plant Code,Generator ID,Number of Turbines,Predominant Turbine Manufacturer,Predominant Turbine Model Number,Design Wind Speed (mph),Wind Quality Class,Turbine Hub Height (Feet),time
1,WT1,1,Vestas,V39-500,19.0,2,155.0,2020
1,WT2,1,Vestas,V39-500,19.0,2,155.0,2020
90,ENT,15,Entegrity Wind Systems,EW50,20.0,2,102.0,2020
90,EWT 1,1,EWT,DW54-900,20.0,2,164.0,2020
90,EWT 2,1,EWT,DW54-900,20.0,2,164.0,2020
508,T1-T3,3,GE,1.5 XLE,19.0,2,262.4,2020
508,T4,1,GE,1.5 XLE,19.0,2,262.4,2020
692,10,7,Vestas,V47-660,18.8,2,164.0,2020
692,11,2,Vestas,V42-600,18.8,2,164.0,2020
944,10,1,VENSYS,VENSYS77,18.0,2,200.0,2020
944,11,1,VENSYS,VENSYS77,18.0,2,200.0,2020
1172,W1,1,GE,1.5 SLE,17.8,2,260.0,2020
1998,8,1,Suzlon,S64-1250,15.0,2,246.0,2020
2022,WTG3,1,DeWind,D8.2,14.7,2,262.4,2020
2022,WTG4,1,DeWind,D8.2,14.7,2,262.4,2020
2024,10,1,NEG-Micon,NM52/900,19.0,2,240.0,2020
2024,11,1,NEG-Micon,NM52/900,19.0,2,240.0,2020
2024,12,1,NEG-Micon,NM54/950,19.0,2,240.0,2020
2024,13,1,NEG-Micon,NM54/950,19.0,2,240.0,2020
2024,8,1,NEG-Micon,NM52/900,19.0,2,240.0,2020
2024,9,1,NEG-Micon,NM52/900,19.0,2,240.0,2020
2240,CTNWD,19,GE,1.5 S,19.0,2,295.0,2020
6304,11wt,1,AOC,AOC15/50,13.0,2,90.0,2020
6304,13WT,1,Vestas,V15,13.0,2,90.0,2020
6304,14wt,1,Northern Power,Northwind 100,13.0,2,90.0,2020
6304,15WT,1,AOC,AOC15/50,13.0,2,90.0,2020
6304,16WT,1,AOC,AOC15/50,13.0,2,90.0,2020
6304,17WT,1,AOC,AOC15/50,13.0,2,90.0,2020
6304,18WT,1,EWT,DW54-900,13.0,2,250.0,2020
6304,19WT,1,EWT,DW54-900,13.0,2,250.0,2020
6304,1WT,10,AOC,AOC15/50,13.0,2,90.0,2020
6304,2WT,1,AOC,AOC15/50,13.0,2,90.0,2020
6304,3WT,3,AOC,AOC15/50,13.0,2,90.0,2020
7381,1,11,Zond,Z-40,18.0,1,132.0,2020
7501,2,2,Fuhrlander,FL 1500-77,16.0,2,230.0,2020
7526,1,23,Vestas,V47-660,16.8,2,180.0,2020
7526,2,8,Vestas,V90-3.0,16.8,2,262.4,2020
7526,2B,21,Vestas,V90-3.0,16.8,2,262.4,2020
7526,3,55,Vestas,V90-1.8,16.8,2,262.4,2020
7771,3,1,VENSYS,VENSYS77,16.0,2,201.7,2020
7771,4,1,VENSYS,VENSYS77,16.0,2,201.7,2020
7855,8,1,NEG-Micon,NM48/750,19.0,2,180.0,2020
7855,9,1,NEG-Micon,NM48/750,19.0,2,180.0,2020
7886,1,17,Vestas,V47-660,18.0,3,213.0,2020
7927,1,1,Vestas,V47-660,15.2,4,213.0,2020
7927,2,1,Vestas,V47-660,15.2,4,213.0,2020
7927,3,1,Vestas,V47-660,15.2,4,213.0,2020
7936,1,63,Siemens,SWT-1.3-62,14.0,4,200.0,2020
7965,G1,1,Vestas,V47-660,17.0,3,213.0,2020
7965,G2,1,Vestas,V47-660,17.0,3,213.0,2020
7966,IDWG,3,Zond,Z-50,15.7,2,165.0,2020
7974,WTC1,1,Nordex,N60/1300,18.8,1,196.9,2020
7974,WTC2,1,Nordex,N60/1300,18.8,1,196.9,2020
10005,WTGS,161,Vestas,V17-90,15.4,2,80.0,2020
10191,EXIS,134,Nordtank,NTK 65/13,17.0,1,80.0,2020
10586,EXIS,114,Micon,M700-225/40,22.4,1,180.0,2020
10597,WGN1,239,Nordtank,NTK 75/15,22.4,1,85.0,2020
10718,WND,12,GE,1.5 S,21.0,1,185.0,2020
10823,WT101,1,Vestas,PS-600,20.4,2,195.0,2020
10823,WT102,1,Vestas,PS-600,20.4,2,195.0,2020
50276,EXIS,60,Renewtech,WT100,17.5,2,80.0,2020
50281,WGEN,111,Vestas,V42-600,22.0,1,131.0,2020
50532,15SLE,1,GE,1.5 S,19.5,2,210.0,2020
50532,WGNS,241,Vestas,V15,16.5,1,80.0,2020
50535,WGNS,460,Vestas,V15,15.7,1,80.0,2020
50552,WGNS,52,Zond,Z-48,20.0,2,213.0,2020
50553,1,8,Clipper,Liberty C93,19.0,2,262.4,2020
50690,GEN1,62,Micon,M700-225/40,22.4,1,180.0,2020
50754,GEN1,37,Nordtank,NTK 75/15,22.4,1,85.0,2020
50754,GEN2,7,Micon,M750-400/100,22.4,1,180.0,2020
50754,GEN3,33,Micon,M750-400/100,22.4,1,180.0,2020
50754,GEN4,4,Micon,M750-400/100,22.4,1,180.0,2020
50820,GEN1,5,Micon,M1500-600/150,15.0,1,151.0,2020
50821,GEN1,238,Mitsubishi,MWT-250,22.4,1,100.0,2020
52142,GEN1,300,Mitsubishi,MWT-250,14.0,2,100.0,2020
52162,WGNS,157,Vestas,V17-75,26.8,1,80.0,2020
52163,WTGN,235,Vestas,V17-75,26.8,1,80.0,2020
54298,GEWE,5,GE,1.5-77,19.2,1,213.2,2020
54299,GEWE,2,GE,1.5-77,19.2,1,213.2,2020
54300,GEWE,3,GE,1.5-77,19.2,1,213.2,2020
54300,SX1S,3,GE,1.5-77,19.2,1,213.0,2020
54453,GEN2,71,GE,1.5 SLE,19.0,2,262.5,2020
54454,GEN11,33,GE,1.5 SLE,19.0,2,213.3,2020
54647,EXIS,100,Danwin,Danwin 23/160,21.0,2,80.0,2020
54650,EXI2,57,Danwin,Danwin 23/160,22.0,1,75.4,2020
54650,EXIS,60,Danwin,Danwin 23/160,22.0,1,75.4,2020
54686,EXIS,251,Micon,108,22.0,1,131.2,2020
54750,VW1,29,Vestas,V27-225,17.6,1,140.0,2020
54793,2,1,Zond,Z-50,17.0,1,217.0,2020
54793,3,1,Zond,Z-50,17.0,1,217.0,2020
54793,EXIS,138,Zond,Z-50,17.0,1,217.0,2020
54909,EXI2,13,Vestas,V47-660,19.0,1,164.0,2020
54909,EXIS,175,Bonus,Bonus 65/13kW,19.0,1,80.0,2020
54931,WGN1,71,Vestas,V47-660,22.4,1,180.0,2020
54979,WIND,46,Vestas,V47-660,22.4,1,180.0,2020
55125,WGNS,38,Vestas,V47-660,22.4,1,164.0,2020
55208,EXIS,139,Zond,Z-48,16.0,1,175.0,2020
55265,EXIS,137,Zond,Z-50,18.4,2,168.0,2020
55287,EXIS,102,Zond,Z-50,16.5,1,217.0,2020
55342,WIND,4,GE,2.3-116,17.9,3,262.5,2020
55353,NMO1,15,Micon,M750-400/100,15.2,1,164.0,2020
55354,6150,18,Vestas,V47-660,15.9,2,213.0,2020
55368,V47,10,Vestas,V47-660,24.0,2,180.0,2020
55396,WGNS,22,Zond,Z-50,19.0,2,295.0,2020
55560,V-47,268,Vestas,V47-660,22.4,1,164.0,2020
55561,TN30,3,Vestas,V47-660,24.0,1,213.0,2020
55562,SU30,3,Vestas,V47-660,24.0,1,213.0,2020
55563,JH30,3,Vestas,V47-660,24.0,1,213.0,2020
55564,JM30,3,Vestas,V47-660,24.0,1,213.0,2020
55565,JR30,3,Vestas,V47-660,24.0,1,213.0,2020
55566,AH30,3,Vestas,V47-660,24.0,1,213.0,2020
55567,WS30,3,Vestas,V47-660,24.0,1,213.0,2020
55568,TL30,3,Vestas,V47-660,24.0,1,213.0,2020
55569,SH30,3,Vestas,V47-660,24.0,1,213.0,2020
55570,SR30,3,Vestas,V47-660,24.0,1,213.0,2020
55571,RR30,3,Vestas,V47-660,24.0,1,213.0,2020
55572,HC30,3,Vestas,V47-660,24.0,1,213.0,2020
55573,HR30,3,Vestas,V47-660,24.0,1,213.0,2020
55574,FH30,3,Vestas,V47-660,24.0,1,213.0,2020
55576,AB30,3,Vestas,V47-660,24.0,1,213.0,2020
55579,EXIS,80,Mitsubishi,MWT-1000,21.3,1,213.2,2020
55581,EXIS,214,Siemens,SWT-1.3-62,19.0,2,203.4,2020
55607,GEN1,69,Mitsubishi,MWT-450,17.0,1,131.0,2020
55719,GEN2,37,Mitsubishi,MWT-600 (45m),26.8,1,196.8,2020
55719,GENI,74,Mitsubishi,MWT-600 (45m),26.8,1,196.8,2020
55734,V47,170,Gamesa,G47,22.4,1,213.3,2020
55739,GEN1,40,Mitsubishi,MWT-600 (47m),17.0,1,196.8,2020
55739,GEN2,43,Mitsubishi,MWT-600 (47m),17.0,1,196.8,2020
55740,GEN1,50,Mitsubishi,MWT-1000,12.0,1,197.0,2020
55741,A1,33,NEG-Micon,NM52/900,17.9,3,236.2,2020
55742,ER15,20,GE,1.5 S,19.0,2,213.2,2020
55747,NWP2,125,Vestas,V47-660,22.4,1,164.0,2020
55769,MADW,7,Vestas,V66-1.65,22.0,1,220.0,2020
55782,WH01,1,NEG-Micon,NM72C/1500,19.0,2,230.0,2020
55790,1,20,GE,1.5 SE,24.0,1,262.0,2020
55795,01,117,Vestas,Vestas V-47,22.4,1,164.0,2020
55796,01,125,Vestas,Vestas V-47,22.4,1,164.0,2020
55803,EW,6,GE,1.5 S,14.0,2,213.3,2020
55804,NM,88,NEG-Micon,NM52/900,19.0,2,236.0,2020
55805,G1,10,GE,1.5 S,16.0,2,213.3,2020
55809,G1,2,Micon,M750-400/100,16.0,2,180.0,2020
55816,48M,55,NEG-Micon,NM48/750,19.0,2,183.0,2020
55871,Ph 1,16,GE,1.5 SLE,14.9,4,213.0,2020
55944,BAY,2,NEG-Micon,NM52/900,15.7,3,237.0,2020
55968,WTG1,100,GE,1.5 S,18.0,2,213.3,2020
55980,1,3,Vestas,V47-660,22.4,1,213.2,2020
55981,1,3,Vestas,V47-660,22.4,1,213.2,2020
55986,WT1,44,NEG-Micon,NM72C/1500,14.0,2,229.7,2020
55989,V-47,186,Vestas,V47-660,22.4,1,164.0,2020
55992,1,107,GE,1.5 S,16.5,2,212.2,2020
55995,MWP,2,Nordex,N60/1300,17.9,1,196.9,2020
55995,MWP2,3,GE,1.5 SLE,17.9,2,262.5,2020
56001,GE15,43,GE,1.5 S,15.0,2,213.3,2020
56002,1,4,NEG-Micon,NM54/950,15.6,2,210.0,2020
56010,V-47,148,Vestas,V47-660,22.4,1,213.3,2020
56011,V-47,62,Vestas,V47-660,23.4,1,213.2,2020
56012,1,41,GE,1.5 S,20.2,2,213.2,2020
56052,GE15,20,NEG-Micon,NM72C/1500,16.0,2,262.0,2020
56054,GM1,34,NEG-Micon,NM54/950,14.0,2,236.0,2020
56054,GM2,5,NEG-Micon,NM72C/1500,14.0,2,230.0,2020
56054,GM3,2,NEG-Micon,NM82/1650,14.0,2,230.0,2020
56075,1,81,Vestas,V80-1.8,22.4,1,213.3,2020
56075,2,9,Vestas,V80-1.8,22.4,1,213.3,2020
56081,EW,45,Vestas,V82-1.65,19.0,2,262.0,2020
56092,GE15,27,GE,1.5 S,19.0,2,213.3,2020
56093,GE15,78,Vestas,V80-1.8,20.0,2,240.0,2020
56094,GE15,34,GE,1.5 S,19.0,2,213.3,2020
56094,GSOO,34,GE,1.5 S,19.0,2,213.3,2020
56097,GE15,136,GE,1.5 S,19.0,2,213.3,2020
56099,GE15,41,GE,1.5 S,19.0,2,213.3,2020
56106,KIM01,12,GE,2.5-116,18.0,2,295.3,2020
56111,GEN1,160,Mitsubishi,MWT-1000A,17.4,2,213.2,2020
56112,V47,34,Vestas,V47-660,18.7,2,200.0,2020
56123,1,7,Vestas,V82-1.65,13.0,4,210.0,2020
56142,WND1,57,GE,1.5 S,19.0,2,213.0,2020
56153,1,8,GE,1.5 S,19.0,2,262.5,2020
56160,GEN1,29,Gamesa,G126-2.5,16.0,1,275.0,2020
56162,1,36,Vestas,V82-1.65,14.5,2,229.7,2020
56172,FC,29,GE,1.5 SLE,18.4,2,262.0,2020
56173,CG,100,GE,1.62-100,15.9,3,262.0,2020
56174,MOR,34,GE,1.5 SLE,19.4,2,213.0,2020
56195,001,41,Mitsubishi,MWT-1000A,14.5,2,180.0,2020
56199,1,2,Suzlon,S64-950,17.0,3,213.0,2020
56200,I,2,Suzlon,S64-950,17.0,3,213.0,2020
56201,I,2,Suzlon,S64-950,17.0,3,213.0,2020
56202,I,2,Suzlon,S64-950,19.0,2,213.0,2020
56203,1,2,Suzlon,S64-950,17.0,3,213.0,2020
56204,1,2,Suzlon,S64-950,19.0,2,213.0,2020
56205,1,2,Suzlon,S64-950,19.0,2,213.0,2020
56206,1,2,Suzlon,S64-950,17.0,3,213.0,2020
56207,1,2,Suzlon,S64-1250,17.8,2,213.3,2020
56208,1,2,Suzlon,S64-1250,17.8,2,213.3,2020
56209,1,2,Suzlon,S64-950,17.0,3,213.0,2020
56210,1,2,Suzlon,S64-1250,17.8,2,213.3,2020
56211,SW1,25,GE,1.5 S,19.0,2,262.0,2020
56212,SW2,61,GE,1.5 SLE,19.0,2,262.0,2020
56215,A1,4,Micon,M1500-600/150,18.0,1,240.0,2020
56215,ET,1,Gamesa,AE59,18.0,1,255.9,2020
56215,ST,1,Micon,M1500-600/150,18.0,1,98.4,2020
56215,WT,1,Gamesa,G80-2.0,18.0,1,255.9,2020
56225,V90,1,Vestas,V90-3.0,20.0,1,262.5,2020
56226,1,1,Vestas,V80-1.8,14.9,1,255.9,2020
56226,2,1,Vestas,V80-1.8,15.0,1,255.9,2020
56226,3,1,Vestas,V80-1.8,14.9,1,255.9,2020
56226,4,1,Vestas,V80-1.8,15.4,1,255.9,2020
56240,1,67,Vestas,V80-1.8,17.0,2,196.8,2020
56251,INWF,107,GE,1.5-82.5,16.8,3,213.0,2020
56251,INWF2,15,Mitsubishi,MWT-1000A,16.8,3,197.0,2020
56252,CWF,100,GE,1.5-82.5,16.8,3,213.0,2020
56252,CWF2,35,Mitsubishi,MWT-1000A,16.8,3,197.0,2020
56252,CWF3,10,GE,1.6-87,16.8,3,263.0,2020
56255,1,83,Vestas,V80-1.8,16.5,2,219.8,2020
56255,2,4,Vestas,V80-1.8,16.5,2,219.8,2020
56270,1,76,GE,1.5 SLE,19.0,2,262.5,2020
56271,VEST,31,Vestas,V47-660,17.0,1,164.0,2020
56273,1,71,GE,1.5 SLE,19.0,2,262.5,2020
56273,2,27,GE,1.5 SLE,19.0,2,262.5,2020
56275,WGNS,27,Vestas,V17-90,12.0,1,80.0,2020
56276,WGNS,10,Vestas,V15,16.5,1,80.0,2020
56290,1,83,Vestas,V82-1.65,19.0,2,262.0,2020
56290,1A,37,Vestas,V82-1.65,19.0,2,262.0,2020
56290,2,20,Vestas,V82-1.65,19.0,2,262.0,2020
56290,3,55,Vestas,V82-1.65,19.0,2,262.0,2020
56291,1,142,GE,1.5 SLE,22.0,2,279.0,2020
56291,2,150,Siemens,SWT-2.3-93,22.0,2,262.4,2020
56291,3,130,GE,1.5 SLE,22.0,2,279.0,2020
56293,1,60,Mitsubishi,MWT-1000,18.5,1,226.0,2020
56293,2,20,Mitsubishi,MWT-1000,14.0,1,226.0,2020
56295,1,25,Gamesa,G87-2.0,19.0,2,223.0,2020
56296,1,67,GE,1.5 SLE,17.8,3,262.0,2020
56297,1,33,NEG-Micon,NM82/1650,21.0,2,256.0,2020
56299,1,12,Gamesa,G87-2.0,19.0,2,256.0,2020
56300,1,5,GE,1.5 SLE,19.0,2,262.0,2020
56301,1,43,GE,1.5 SLE,15.8,2,263.0,2020
56302,1,59,Mitsubishi,MWT-1000,19.0,1,196.9,2020
56303,1,100,GE,1.5 SLE,19.2,2,262.0,2020
56304,1,120,Mitsubishi,MWT-1000A,19.0,2,226.0,2020
56307,1,9,NEG-Micon,NM72C/1500,19.0,2,229.7,2020
56307,2,6,NEG-Micon,NM82/1650,19.0,2,229.7,2020
56308,1,7,GE,1.5 SLE,22.0,3,262.4,2020
56311,SW3,90,GE,1.5 SLE,19.0,2,262.0,2020
56320,1,40,GE,1.5 SLE,19.5,2,263.0,2020
56322,1,127,Vestas,V80-1.8,18.0,2,219.8,2020
56322,WH2,22,Vestas,V80-2.0,15.4,2,219.8,2020
56335,EW2,84,Vestas,V80-1.8,16.1,2,262.0,2020
56336,1,90,Mitsubishi,MWT-1000,17.3,1,226.0,2020
56337,SW4,181,Mitsubishi,MWT-1000,16.5,1,230.0,2020
56338,1,120,Vestas,V82-1.65,19.0,2,262.0,2020
56347,1,41,Vestas,V82-1.65,15.0,2,262.0,2020
56351,1,67,GE,1.5 SLE,19.0,2,265.0,2020
56351,2,32,GE,1.5 SLE,19.0,2,265.0,2020
56355,1,121,Vestas,V82-1.65,17.0,2,262.0,2020
56357,GE,12,GE,1.5 SLE,19.0,2,262.5,2020
56357,GE15,21,GE,1.5 SLE,19.0,2,262.5,2020
56359,PH2,50,GE,1.5 SLE,14.5,4,262.0,2020
56360,1,67,GE,1.5 SLE,19.0,2,262.0,2020
56361,1,133,GE,1.5 SLE,12.5,4,262.0,2020
56362,1,100,GE,1.62-100,13.5,4,262.0,2020
56369,1,23,GE,1.5 SLE,15.5,3,262.0,2020
56371,1,221,Mitsubishi,MWT-1000,16.6,1,230.0,2020
56371,2,53,GE,1.5 SLE,16.6,1,262.0,2020
56372,SW5,35,Siemens,SWT-2.3-82 VS,16.5,1,262.4,2020
56376,WTG1,1,Vestas,V82-1.65,13.7,2,235.0,2020
56377,1,90,GE,1.5 SLE,19.0,2,263.0,2020
56378,1,14,GE,1.5 SE,21.0,1,210.0,2020
56379,VWF,66,GE,1.6-87,16.8,3,263.0,2020
56380,WT1,80,GE,1.5 SLE,25.0,2,264.0,2020
56383,TOI2,48,Gamesa,G87-2.0,15.7,3,255.0,2020
56386,TOI3,18,Vestas,V82-1.65,19.0,2,262.0,2020
56391,1,88,Vestas,V82-1.65,19.0,2,213.2,2020
56392,1,22,Siemens,SWT-2.3-93,19.0,2,262.4,2020
56394,1,54,Siemens,SWT-2.3-93,18.6,2,262.4,2020
56395,1,100,Gamesa,G87-2.0,19.0,2,255.0,2020
56399,1,12,Gamesa,G87-2.0,15.0,3,256.0,2020
56408,AWND1,4,Suzlon,S88-2100,15.9,2,262.4,2020
56409,1,1,Vestas,V82-1.65,15.7,2,240.0,2020
56410,1,1,Vestas,V82-1.65,15.7,2,240.0,2020
56411,1,1,Vestas,V82-1.65,15.7,2,240.0,2020
56412,1,1,Vestas,V82-1.65,15.7,2,240.0,2020
56413,1,1,Vestas,V82-1.65,15.7,2,240.0,2020
56414,WND1,1,Vestas,V82-1.65,19.1,2,237.0,2020
56414,WND2,1,Vestas,V82-1.65,19.1,2,237.0,2020
56415,WND1,1,NEG-Micon,NM54/950,16.8,2,237.0,2020
56415,WND2,1,NEG-Micon,NM54/950,16.8,2,237.0,2020
56415,WND3,1,Vestas,V82-1.65,19.1,2,237.0,2020
56415,WND4,1,Vestas,V82-1.65,19.1,2,237.0,2020
56416,1,46,GE,1.5 SLE,12.8,2,262.5,2020
56424,1,43,Siemens,SWT-1.0-54,19.0,2,262.5,2020
56432,1,70,Siemens,SWT-2.3-93,19.0,2,262.4,2020
56433,1,90,GE,1.5 SLE,19.0,2,218.0,2020
56434,BBWP,13,GE,1.5 XLE,14.9,2,262.4,2020
56435,GVWP,8,GE,1.5 XLE,14.1,2,262.4,2020
56437,MDWP,13,GE,1.5 XLE,14.4,2,262.4,2020
56439,OTWP,9,GE,1.5 XLE,14.0,2,262.4,2020
56440,PSWP,7,GE,1.5 XLE,14.9,2,262.4,2020
56441,SFWP,14,GE,1.5 XLE,14.4,2,262.4,2020
56442,TSWP,8,GE,1.5 XLE,13.8,2,262.4,2020
56443,TGWP,7,GE,1.5 XLE,14.1,2,262.4,2020
56446,1,38,Mitsubishi,MWT-1000,13.6,1,197.0,2020
56447,V-47,16,Vestas,V47-660,22.4,1,131.2,2020
56448,1,28,GE,1.5 SLE,19.0,2,262.4,2020
56449,1,20,GE,1.5 SE,22.0,1,298.0,2020
56450,1,40,Gamesa,G87-2.0,19.0,2,256.0,2020
56451,1,40,Gamesa,G87-2.0,19.0,2,256.0,2020
56457,1,56,GE,1.5 SLE,19.0,2,262.5,2020
56459,2,100,GE,1.5 SLE,17.9,2,262.0,2020
56460,WT1,50,GE,1.5 SLE,18.3,2,262.0,2020
56466,1,78,Vestas,V100-2.0,25.3,2,213.0,2020
56466,2,39,Vestas,V100-2.0,25.3,2,213.0,2020
56468,1,124,Siemens,SWT-2.3-93,13.4,4,262.4,2020
56468,2,51,Siemens,SWT-2.3-93,16.5,2,262.4,2020
56470,LRWF,13,Gamesa,G87-2.0,16.0,3,256.0,2020
56479,2,45,Gamesa,G87-2.0,18.6,2,255.9,2020
56483,1,100,Gamesa,G87-2.0,19.0,2,255.0,2020
56484,1,155,GE,1.5 S,17.0,2,201.0,2020
56485,1,76,Vestas,V82-1.65,19.0,2,260.0,2020
56485,2,71,Siemens,SWT-2.3-93,19.0,2,262.4,2020
56485,3,70,Siemens,SWT-2.3-93,19.0,2,262.4,2020
56487,1,89,Siemens,SWT-2.3-93,17.6,2,260.0,2020
56488,1,56,Vestas,V80-1.8,24.0,2,328.0,2020
56493,4,15,Vestas,V80-1.8,17.0,2,255.8,2020
56494,HP2,61,Vestas,V82-1.65,16.4,2,265.0,2020
56495,MS1,82,Gamesa,G80-2.0,18.3,1,255.9,2020
56495,MS2,50,Gamesa,G80-2.0,18.3,1,255.9,2020
56501,PWF,82,GE,1.5 SLE,16.8,3,263.0,2020
56501,PWF2,50,GE,1.5 SLE,16.8,3,263.0,2020
56501,PWF3,39,GE,1.5 SLE,16.8,3,263.0,2020
56501,PWF4,13,Siemens,SWT-2.3-101,16.8,3,262.4,2020
56506,SCW,87,GE,1.5 SLE,18.6,2,263.0,2020
56536,1,24,Suzlon,S88-2100,15.8,2,262.4,2020
56537,1,24,Suzlon,S88-2100,16.3,2,262.4,2020
56538,1,4,Suzlon,S64-1250,12.8,2,244.4,2020
56543,1,8,Suzlon,S64-950,17.0,3,213.0,2020
56544,1,12,Suzlon,S64-1250,17.0,2,213.0,2020
56555,1,27,Suzlon,S88-2100,15.1,2,262.4,2020
56560,JDW4,38,Suzlon,S88-2100,19.1,2,262.4,2020
56561,JDW5,8,Suzlon,S64-1250,20.0,2,244.4,2020
56562,JDW6,8,Suzlon,S64-1250,20.0,2,244.4,2020
56563,GE,133,GE,1.5 SLE,19.0,2,262.5,2020
56570,WGNS,10,Zond,Z-50,22.4,1,180.0,2020
56573,2,32,GE,1.5 S,19.0,2,262.5,2020
56575,1,8,Clipper,Liberty C96,19.0,2,262.4,2020
56577,1,1,Suzlon,S88-2100,16.8,2,262.4,2020
56580,1,1,Suzlon,S64-1250,15.2,2,244.4,2020
56581,1,1,Suzlon,S64-1250,15.2,2,244.4,2020
56586,1,1,Suzlon,S64-1250,17.9,2,244.4,2020
56587,1,1,Suzlon,S64-1250,17.9,2,244.4,2020
56588,1,1,Suzlon,S64-1250,17.9,2,244.4,2020
56589,1,1,Suzlon,S64-1250,17.9,2,244.4,2020
56590,1,1,Suzlon,S64-1250,17.9,2,244.4,2020
56591,HBWP,6,GE,1.5 SLE,19.0,2,262.5,2020
56592,CH1,55,Siemens,SWT-2.3-93,18.6,2,262.4,2020
56593,RO1,209,Mitsubishi,MWT-1000A,18.3,2,226.4,2020
56594,MU1,23,GE,1.5 SLE,15.9,2,262.4,2020
56602,SNY1,21,Vestas,V90-3.0,24.0,2,328.0,2020
56605,GE15,106,GE,1.5 SLE,19.0,2,262.5,2020
56607,ND1,77,GE,1.5 SLE,22.4,2,262.5,2020
56608,SD1,100,GE,1.5 SLE,22.4,2,262.5,2020
56608,SD2,7,GE,1.5 SLE,22.4,2,262.5,2020
56608,SD3,1,GE,1.5 SLE,22.4,2,262.5,2020
56613,1,134,GE,1.5 SLE,19.0,2,262.5,2020
56614,2,120,Vestas,V82-1.65,19.0,2,262.0,2020
56617,1,137,GE,1.5 SLE,19.0,2,262.4,2020
56618,1,67,GE,1.5 SLE,19.0,2,262.0,2020
56619,1,54,GE,1.5 SLE,19.0,2,262.0,2020
56620,1,67,GE,1.5 SLE,19.0,2,262.0,2020
56621,1,45,Suzlon,S88-2100,19.0,2,262.4,2020
56622,1,36,Gamesa,G87-2.0,15.7,3,256.0,2020
56623,EH1,61,Vestas,V82-1.65,17.0,2,240.0,2020
56624,1,2,Suzlon,S88-2100,17.5,3,262.4,2020
56625,1,2,Suzlon,S88-2100,17.5,2,262.4,2020
56626,1,2,Suzlon,S88-2100,17.5,2,262.4,2020
56627,1,2,Suzlon,S88-2100,17.5,2,262.4,2020
56628,1,2,Suzlon,S88-2100,17.5,2,262.4,2020
56630,1,10,Clipper,Liberty C96,20.0,2,262.4,2020
56633,1,15,Clipper,Liberty C96,19.0,2,262.4,2020
56634,1,35,Clipper,Liberty C96,19.0,2,262.4,2020
56635,1,32,Vestas,V82-1.65,14.4,2,262.4,2020
56636,1,10,Suzlon,S88-2100,15.0,2,262.4,2020
56637,1,10,Suzlon,S88-2100,15.0,2,262.4,2020
56638,GEN1,74,Siemens,SWT-1.3-62,17.0,1,262.0,2020
56640,1,100,GE,1.5 SLE,15.5,2,262.0,2020
56644,1,80,GE,1.5 SLE,17.4,2,263.0,2020
56645,CL25,40,Clipper,Liberty C96,19.0,2,262.4,2020
56647,1,36,GE,1.5 XLE,16.8,3,262.5,2020
56648,1,53,GE,1.5 SLE,19.0,2,262.5,2020
56649,1,44,Siemens,SWT-2.3-93,20.0,2,240.0,2020
56650,1,34,GE,1.5 SLE,19.0,2,262.5,2020
56651,1,35,Gamesa,G87-2.0,14.9,2,272.0,2020
56654,1,44,Siemens,SWT-2.3-93,19.0,2,262.4,2020
56659,1,50,Vestas,V100-1.8,15.4,3,311.7,2020
56661,1,118,Mitsubishi,MWT-95/2.4,19.0,2,262.4,2020
56665,DR,66,Gamesa,G90-2.0,24.6,2,255.9,2020
56666,1,47,Vestas,V110-2.0,19.0,2,285.4,2020
56669,TW1,120,Acciona,AW77/1500,18.8,2,262.4,2020
56670,VW1,18,Vestas,V47-660,19.0,2,215.0,2020
56673,WEC,26,Siemens,SWT-2.3-93,17.7,2,262.4,2020
56677,CCWF,50,GE,1.6-87,16.8,3,263.0,2020
56679,1,87,GE,1.5 SLE,15.4,2,262.0,2020
56699,1,14,Suzlon,S88-2100,19.0,2,262.4,2020
56700,1,18,Suzlon,S88-2100,19.0,2,262.4,2020
56702,WPT1,62,Siemens,SWT-2.3-93,16.5,3,262.4,2020
56750,1,20,Clipper,Liberty C96,18.3,2,262.4,2020
56751,1,9,Suzlon,S88-2100,19.0,2,262.4,2020
56752,1,29,Suzlon,S88-2100,19.0,2,262.4,2020
56753,1,38,Suzlon,S88-2100,19.0,2,262.4,2020
56754,1,80,Mitsubishi,MWT-1000A,19.0,2,226.0,2020
56754,2,29,Mitsubishi,MWT-95/2.4,19.0,2,262.4,2020
56755,1,10,Suzlon,S88-2100,19.0,2,262.4,2020
56763,1,65,GE,1.5 SLE,19.0,2,262.4,2020
56763,2,143,Siemens,SWT-2.3-82,19.0,2,262.4,2020
56763,3,124,GE,1.5 SLE,19.0,2,262.4,2020
56763,4,75,GE,1.5 SLE,19.0,2,262.4,2020
56764,1,10,Gamesa,G87-2.0,18.3,2,262.0,2020
56765,1,14,Gamesa,G87-2.0,16.5,3,256.0,2020
56765,2,66,Gamesa,G87-2.0,17.8,2,256.0,2020
56767,1,73,Gamesa,G87-2.0,15.1,3,256.0,2020
56770,1,51,Gamesa,G87-2.0,15.5,3,256.0,2020
56771,1,24,Vestas,V110-2.0,19.0,2,262.4,2020
56773,1,100,GE,1.5 SLE,19.5,2,263.0,2020
56774,1,113,GE,1.5 SLE,17.4,2,263.0,2020
56775,1,80,GE,1.5 SLE,18.6,2,263.0,2020
56776,1,67,GE,1.79-100,17.9,2,262.4,2020
56777,FIA,122,Vestas,V82-1.65,19.0,2,262.4,2020
56777,FIB,40,Clipper,Liberty C96,19.0,2,262.4,2020
56777,FII,133,GE,1.5 SLE,19.0,2,262.4,2020
56777,FIII,60,Vestas,V82-1.65,19.0,2,262.4,2020
56779,1,50,Vestas,V90-3.0,19.0,2,262.4,2020
56782,DIAW,20,GE,1.5 SLE,12.0,2,262.5,2020
56783,1,53,Siemens,SWT-2.3-93,27.0,2,240.0,2020
56784,1,35,Vestas,V90-3.0,18.3,2,262.0,2020
56784,2,32,Vestas,V90-3.0,17.6,2,262.0,2020
56789,1,47,Suzlon,S52,13.2,4,259.0,2020
56790,1,48,Suzlon,S88-2100,13.7,4,259.0,2020
56791,1,45,Mitsubishi,MWT-62/1.0,16.1,3,226.0,2020
56792,1,24,Suzlon,S88-2100,18.4,2,259.0,2020
56793,1,66,GE,1.5 SLE,17.6,2,262.0,2020
56794,1,33,GE,1.5 SLE,18.0,2,262.0,2020
56795,1,84,Mitsubishi,MWT-92/2.4,16.9,3,262.0,2020
56796,1,23,Gamesa,G90-2.0,16.3,3,256.0,2020
56797,1,182,Vestas,V82-1.65,15.8,2,265.0,2020
56800,HW2,1,Vestas,V80-1.8,12.0,1,220.0,2020
56804,RH,82,Acciona,AW77/1500,19.0,2,262.4,2020
56805,1,67,Acciona,AW82/1500,16.8,3,262.4,2020
56809,CWF,100,GE,1.5 SLE,16.8,3,263.0,2020
56810,AWF,76,Siemens,SWT-2.3-93,16.8,3,262.4,2020
56811,WWF,102,GE,1.5 SLE,16.8,3,263.0,2020
56818,1,33,Vestas,V90-3.0,19.7,1,262.4,2020
56819,1,20,Clipper,Liberty C96,19.0,2,262.4,2020
56823,HWFG1,72,Siemens,SWT-2.3-93,15.6,2,262.4,2020
56824,1,2,Suzlon,S88-2100,18.6,2,262.4,2020
56825,1,2,Suzlon,S88-2100,18.6,2,262.4,2020
56826,1,2,Suzlon,S88-2100,18.6,2,262.4,2020
56827,1,1,Suzlon,S88-2100,18.6,2,262.4,2020
56828,1,1,Suzlon,S88-2100,18.6,2,262.4,2020
56829,1,22,Vestas,V90-3.0,22.4,1,262.0,2020
56829,2,22,Vestas,V90-3.0,22.4,1,262.0,2020
56831,1,66,GE,1.5 SLE,17.8,2,262.0,2020
56835,1,8,Suzlon,S64-1250,18.1,2,244.4,2020
56836,1,7,Suzlon,S64-1250,18.1,2,244.4,2020
56837,1,8,Suzlon,S64-1250,18.1,2,241.1,2020
56838,1,8,Suzlon,S64-1250,18.1,2,241.1,2020
56839,1,8,Suzlon,S64-1250,18.1,2,244.4,2020
56840,1,1,Suzlon,S88-2100,18.6,2,262.4,2020
56841,1,66,GE,1.5 SLE,19.0,2,262.0,2020
56841,2,26,GE,1.5 SLE,19.0,2,262.0,2020
56842,1,66,GE,1.5 SLE,19.0,2,262.0,2020
56843,1,66,GE,1.5 SLE,19.0,2,262.0,2020
56843,2,13,GE,1.5 SLE,19.0,2,262.0,2020
56854,GEN1,46,Suzlon,S88-2100,19.0,2,262.5,2020
56855,GEN1,49,Suzlon,S88-2100,19.0,2,262.5,2020
56856,GEN1,67,GE,1.5 SLE,19.0,2,262.0,2020
56857,GEN1,70,Vestas,V112-3.0,19.0,2,308.0,2020
56858,GEN1,61,Suzlon,S88-2100,17.0,2,246.0,2020
56859,1,10,Suzlon,S88-2100,19.0,2,262.4,2020
56860,1,7,Suzlon,S88-2100,19.0,2,262.4,2020
56874,TBD,75,Senvion,MM92,19.0,2,262.4,2020
56876,TBD,67,GE,1.5 SLE,19.0,2,262.4,2020
56878,TBD,50,Senvion,MM92,19.0,2,257.5,2020
56879,1,20,Vestas,V110-2.0,19.0,3,262.4,2020
56901,1,65,GE,1.5 SLE,19.0,2,262.0,2020
56902,1,84,GE,1.5 SLE,19.0,2,262.0,2020
56904,1,71,GE,1.5 SLE,19.0,2,262.0,2020
56905,1,76,GE,1.5 SLE,19.0,2,262.0,2020
56912,GE15,27,GE,1.5 SLE,19.0,2,262.5,2020
56913,CL25,20,Clipper,Liberty C96,19.0,2,262.4,2020
56919,GE15,99,GE,1.5 SLE,19.0,2,262.5,2020
56920,1,95,GE,1.5 SLE,18.8,2,262.4,2020
56921,1,77,GE,1.5 SLE,18.1,2,262.4,2020
56923,GE15,100,GE,1.5 S,19.0,2,262.5,2020
56924,GE15,100,GE,1.5 SLE,19.0,2,262.5,2020
56925,CL25,80,Clipper,Liberty C96,19.0,2,262.4,2020
56933,1,6,Vestas,V82-1.65,14.4,2,262.4,2020
56934,1,5,Suzlon,S88-2100,15.3,2,262.4,2020
56935,1,9,Suzlon,S88-2100,15.3,2,262.4,2020
56941,1,66,GE,1.5 SLE,18.3,2,263.0,2020
56941,2,34,GE,1.5 SLE,17.2,2,263.0,2020
56941,3,33,GE,1.5 SLE,17.2,2,263.0,2020
56941,4,7,GE,1.5 SLE,17.2,2,263.0,2020
56942,1,86,GE,1.5 SLE,17.0,2,263.0,2020
56942,2,20,GE,1.5 SLE,17.0,2,263.0,2020
56945,1,40,Clipper,Liberty C96,19.0,2,262.4,2020
56946,1,9,Suzlon,S88-2100,19.0,2,262.4,2020
56947,1,27,Vestas,V90-3.0,22.0,1,262.4,2020
56952,1,48,GE,1.5 SLE,15.2,2,263.0,2020
56953,1,75,GE,1.5 SLE,15.0,2,263.0,2020
56956,001,180,Mitsubishi,MWT-62/1.0,19.0,2,226.0,2020
56959,OWF,28,Suzlon,S88-2100,14.9,2,272.0,2020
56960,HJW01,14,Suzlon,S88-2100,16.6,2,272.0,2020
56961,GE,40,GE,1.5 SLE,15.0,2,272.0,2020
56961,VESTA,56,Vestas,V82-1.65,15.8,2,272.0,2020
56967,1,3,Vestas,V82-1.65,14.4,2,262.4,2020
56968,1,1,Vestas,V82-1.65,14.4,2,262.4,2020
56969,1,5,REpower,MM92,14.4,2,257.5,2020
56970,1,5,REpower,MM92,14.4,2,257.5,2020
56971,1,6,Vestas,V82-1.65,14.6,2,262.4,2020
56972,1,5,Vestas,V82-1.65,14.6,2,262.4,2020
56973,1,6,Vestas,V82-1.65,14.6,2,262.4,2020
56974,1,2,Vestas,V82-1.65,14.4,2,262.4,2020
56975,1,4,Vestas,V82-1.65,14.6,2,262.4,2020
56979,1,133,GE,1.5 SLE,18.1,2,262.4,2020
56980,1,35,GE,1.5 SLE,17.4,2,262.4,2020
56981,1,166,GE,1.5 SLE,18.8,2,262.4,2020
56983,1,109,Vestas,V82-1.65,17.4,2,262.4,2020
56984,1,197,Mitsubishi,MWT-1000A,18.1,2,226.4,2020
56985,SMKII,99,GE,1.5 SE,24.0,1,264.0,2020
56989,1,38,GE,1.5 SLE,19.0,2,262.4,2020
56990,1,40,GE,1.5 SLE,19.0,2,262.4,2020
56991,1,17,GE,1.5 SLE,19.0,2,262.4,2020
56994,WND67,67,GE,1.5 SLE,18.0,2,262.0,2020
57002,1,48,Vestas,V112-3.0,12.9,1,277.0,2020
57031,1,33,GE,1.5 XLE,16.0,3,260.0,2020
57032,1,32,GE,1.5 SLE,16.0,3,260.0,2020
57033,1,27,GE,1.5 SLE,16.0,3,260.0,2020
57038,PHS1,16,Siemens,SWT-2.3-101,19.9,2,262.4,2020
57038,PHS2,15,Siemens,SWT-3.0-101,19.9,2,261.0,2020
57039,1,19,GE,1.5 SLE,19.0,2,262.0,2020
57040,1,66,GE,1.5 SLE,19.0,2,262.0,2020
57044,1,67,GE,1.5 SLE,19.0,2,262.0,2020
57045,1,10,Clipper,Liberty C89,22.4,1,262.4,2020
57047,1,134,GE,1.5 SLE,18.0,2,262.0,2020
57048,1,75,Vestas,V110-2.0,19.7,3,260.0,2020
57049,NGW1,71,Acciona,AW77/1500,17.0,2,262.0,2020
57050,NGW2,69,Acciona,AW77/1500,17.0,2,262.0,2020
57078,1,6,Clipper,Liberty C96,19.0,2,262.4,2020
57079,1,97,GE,1.5 XLE,13.2,3,262.4,2020
57080,1,16,Clipper,Liberty C93,18.0,2,262.4,2020
57082,1,14,GE,1.5 SE,22.0,1,212.0,2020
57083,1,19,Vestas,V100-1.8,17.0,3,312.0,2020
57087,1,12,Clipper,Liberty C96,19.0,2,262.4,2020
57090,CHWF,66,GE,1.5 SLE,15.0,2,272.0,2020
57091,SSW01,20,Suzlon,S88-2100,17.5,2,272.0,2020
57093,CWGT,11,GE,1.5 SLE,20.0,2,262.5,2020
57094,1,150,Gamesa,G87-2.0,16.1,3,256.0,2020
57095,1,84,Mitsubishi,MWT-92/2.4,16.5,3,262.0,2020
57096,1,47,Suzlon,S88-2100,15.6,3,259.0,2020
57097,1,71,Suzlon,S88-2100,16.5,3,259.0,2020
57098,1,30,Suzlon,S88-2100,15.2,3,259.0,2020
57106,1,1,GE,1.5-77,15.0,2,262.0,2020
57107,1,68,GE,1.5 SLE,19.0,2,262.0,2020
57108,GEN 1,66,GE,1.5 SLE,17.7,2,262.0,2020
57109,GEN 1,121,Vestas,V82-1.65,19.0,2,262.0,2020
57110,GEN 1,68,GE,1.5 SLE,19.0,2,262.0,2020
57111,GEN 1,61,Vestas,V82-1.65,19.0,2,262.0,2020
57112,GEN1,66,Acciona,AW82/1500,17.0,2,262.4,2020
57113,GEN 1,132,GE,1.5 SLE,19.0,2,262.0,2020
57115,GEN 1,69,GE,1.5 SLE,19.0,2,262.0,2020
57116,GEN 1,49,Vestas,V110-2.0,12.0,3,311.0,2020
57118,GEN 1,10,Suzlon,S64-1250,18.5,2,244.4,2020
57120,1,33,GE,1.5 XLE,16.8,3,262.5,2020
57121,1,80,GE,1.5 XLE,16.8,2,262.5,2020
57124,PFWP,14,GE,1.5 XLE,14.6,2,262.4,2020
57125,CRWP,15,GE,1.5 XLE,14.4,2,262.4,2020
57126,YCWP,14,GE,1.5 XLE,14.5,2,262.4,2020
57130,BR1,3,GE,1.5 SLE,19.0,2,262.0,2020
57131,SCWF1,29,Senvion,MM92,15.2,2,320.0,2020
57135,1,114,Suzlon,S88-2100,19.0,2,262.4,2020
57136,1,8,Suzlon,S88-2100,14.7,2,262.4,2020
57137,1,63,Mitsubishi,MWT-62/1.0,13.0,2,226.0,2020
57139,1,25,Nordex,N90/2500,15.0,1,262.4,2020
57151,GEN1,67,GE,1.5 SLE,17.0,2,263.0,2020
57152,HWP1,43,Siemens,SWT-2.3-93,17.6,2,260.0,2020
57153,1,100,GE,1.5 SLE,18.2,2,262.0,2020
57156,BC,60,Gamesa,G87-2.0,15.0,3,256.0,2020
57159,GEN1,114,Siemens,SWT-2.3-93,15.0,4,262.4,2020
57171,1,13,GE,1.5 SLE,12.0,2,262.5,2020
57174,CHW1,42,GE,1.6-100,18.7,2,262.4,2020
57174,CHW2,14,GE,1.7-100,18.7,2,262.4,2020
57176,FSMW,1,Gamesa,G90-2.0,15.5,2,256.0,2020
57177,GEN 1,48,Suzlon,S88-2100,19.0,2,262.4,2020
57182,1,2,GE,1.6 XLE,12.0,2,262.4,2020
57187,1,3,GE,1.5 SLE,22.0,2,253.0,2020
57187,2,3,GE,1.5 S,22.0,2,253.0,2020
57188,1,60,GE,1.5 SLE,17.4,2,263.0,2020
57189,LCW,100,GE,1.5 XLE,15.6,2,262.4,2020
57192,WTG,66,Siemens,SWT-2.3-101,16.7,2,262.4,2020
57194,GE15,66,GE,1.5 XLE,16.8,3,262.5,2020
57195,LSR 1,149,Siemens,SWT-2.3-101,15.6,2,262.4,2020
57198,1,122,Vestas,V82-1.65,16.3,2,262.0,2020
57199,1,90,Vestas,V90-1.8,19.0,2,262.5,2020
57201,S2.3,16,Siemens,SWT-2.3-108,19.0,2,262.4,2020
57210,1,122,GE,1.5 SLE,19.0,2,262.4,2020
57211,1,83,GE,1.5-82.5,19.0,2,262.4,2020
57212,1,109,Siemens,SWT-2.3-101,16.8,2,262.4,2020
57214,CAN1,1,EWT,DW54-900,12.5,2,234.0,2020
57214,CAN2,1,EWT,DW54-900,12.5,2,234.0,2020
57214,SK4,1,NEG-Micon,NM52/900,12.5,2,234.0,2020
57239,SRRW1,16,Nordex,N90/2500,19.0,2,262.0,2020
57240,SRRNW,4,Nordex,N90/2500,19.0,2,262.0,2020
57244,KCW,34,GE,1.5 SLE,16.8,2,272.0,2020
57248,WIND1,1,Suzlon,S88-2100,19.0,2,259.0,2020
57251,LAK1,7,GE,1.5 SLE,22.0,2,262.0,2020
57252,SUP1,7,GE,1.5 SLE,22.0,2,262.0,2020
57253,1,1,Fuhrlander,FL 1500-77,14.5,2,262.0,2020
57253,2,1,GE,1.5 SLE,13.7,2,262.0,2020
57253,3,1,GE,1.5 SLE,13.7,2,262.0,2020
57257,VMN82,1,Vestas,V82-1.65,18.0,2,229.6,2020
57258,1,1,Vestas,V47-660,17.5,1,220.0,2020
57258,2,1,Vestas,V47-660,17.5,1,220.0,2020
57258,3,1,Vestas,V47-660,17.5,2,220.0,2020
57260,1,150,GE,1.5 XLE,17.0,3,262.4,2020
57261,1,54,Mitsubishi,MWT-95/2.4,19.0,2,262.4,2020
57262,1,54,GE,1.5 XLE,17.0,3,262.4,2020
57263,LP1,5,DeWind,D8.2,19.7,2,262.5,2020
57264,LP2,5,DeWind,D8.2,19.7,2,262.5,2020
57268,1,19,Gamesa,G90-2.0,19.0,2,328.1,2020
57274,1,10,Suzlon,S88-2100,16.8,3,262.4,2020
57278,CWET1,22,Vestas,V90-3.0,20.0,1,262.4,2020
57282,AW01,100,GE,1.5 SLE,22.4,2,262.0,2020
57283,WTG1,40,GE,1.5 XLE,25.7,1,262.4,2020
57284,1,100,Gamesa,G90-2.0,18.3,2,328.1,2020
57285,1,25,Gamesa,G90-2.0,17.6,2,328.1,2020
57286,WT1,44,Siemens,SWT-2.3-93,17.8,2,264.0,2020
57287,1,37,Gamesa,G90-2.0,16.0,3,328.0,2020
57289,BBWP,18,Gamesa,G97-2.0,16.0,3,255.9,2020
57290,GE,15,GE,1.5 XLE,16.9,2,254.0,2020
57290,SIEM,66,Siemens,SWT-2.3-93,15.8,3,262.4,2020
57291,AW02,50,Vestas,V90-3.0,22.4,1,262.0,2020
57292,AW03,50,Vestas,V90-3.0,22.4,1,262.0,2020
57293,AW04,34,Vestas,V90-3.0,22.4,1,262.0,2020
57294,AW05,56,Vestas,V90-3.0,22.4,1,262.0,2020
57296,WIND1,1,Vestas,V82-1.65,16.0,4,230.0,2020
57296,WIND2,1,GE,1.6 XLE,16.0,4,262.4,2020
57299,1,74,GE,1.5 SLE,19.0,2,262.0,2020
57300,1,28,Clipper,Liberty C93,16.9,2,262.4,2020
57302,1,13,NedWind,NEDWIND 40,15.0,1,131.0,2020
57303,LWG1,50,GE,1.5 SLE,17.0,2,262.0,2020
57303,LWG2,50,GE,1.5 SLE,17.0,2,262.0,2020
57315,1-139,139,Vestas,V90-1.8,19.0,2,265.0,2020
57319,1,25,Gamesa,G90-2.0,14.7,3,256.0,2020
57320,1,126,Mitsubishi,MWT-95/2.4,14.2,4,262.4,2020
57325,GE1.5,145,GE,1.5 XLE,17.9,2,262.4,2020
57326,WND1,33,GE,1.5 SLE,17.4,2,270.0,2020
57327,TOTW1,110,GE,1.5 SLE,14.6,2,272.0,2020
57332,1-98,98,Siemens,SWT-2.3-101,17.8,2,264.0,2020
57333,1,117,GE,1.5 SLE,14.0,4,259.0,2020
57342,1,100,GE,1.5 XLE,16.8,3,262.5,2020
57346,1,43,Siemens,SWT-2.3-93,19.0,2,262.4,2020
57346,2,48,GE,1.5 XLE,16.8,2,262.4,2020
57347,GE1,64,GE,1.6 XLE,16.8,2,262.5,2020
57351,FA01,1,Goldwind,GW 77/1500,16.0,2,213.0,2020
57351,FA02,1,Goldwind,GW 77/1500,16.0,2,213.0,2020
57351,FA03,1,Goldwind,GW 77/1500,16.0,2,213.0,2020
57354,1,3,GE,1.5 SLE,14.5,2,262.0,2020
57357,EXIS,64,GE,1.6 SLE,14.0,2,262.0,2020
57358,1,66,Siemens,SWT-2.3-101,18.0,2,262.4,2020
57374,LAKE1,137,GE,1.5 SLE,19.0,2,262.4,2020
57375,AWG,12,Alstom,ECO86,17.7,3,262.4,2020
57379,1,31,Suzlon,S88-2100,14.8,2,256.0,2020
57380,1,19,GE,1.5 SLE,16.7,3,213.0,2020
57385,34505,12,Clipper,Liberty C96,17.4,2,262.4,2020
57386,WTG1,11,Siemens,SWT-2.3-93,19.0,2,262.4,2020
57387,GE16,39,GE,1.6 XLE,16.8,2,262.5,2020
57396,DWF,12,Alstom,ECO86,16.6,3,262.4,2020
57414,1,1,Vestas,V82-1.65,19.0,2,262.0,2020
57415,1,60,Vestas,V110-2.0,19.0,2,262.4,2020
57417,NORD,17,Nordex,N100/2500,19.0,2,328.0,2020
57421,1,64,GE,1.6 XLE,17.0,2,328.0,2020
57424,1,105,Gamesa,G87-2.0,17.5,3,256.0,2020
57427,1,10,Siemens,SWT-2.3-101,13.4,2,262.4,2020
57428,1,10,Siemens,SWT-2.3-101,13.4,2,262.4,2020
57429,1,10,Siemens,SWT-2.3-101,13.4,2,262.4,2020
57430,1,10,Siemens,SWT-2.3-101,13.4,2,262.4,2020
57431,1,10,Siemens,SWT-2.3-101,13.4,2,262.4,2020
57432,1,24,Vestas,V90-2.0,16.0,2,262.4,2020
57434,VVT,5,Gamesa,G87-2.0,13.0,2,256.0,2020
57444,1,10,Siemens,SWT-2.3-101,13.4,2,262.4,2020
57447,1,61,GE,1.6 SLE,16.1,3,262.0,2020
57449,1,152,Gamesa,G90-2.0,16.5,3,328.0,2020
57459,1,49,Mitsubishi,MWT-1000,26.8,1,196.8,2020
57463,1,113,GE,1.5 XLE,16.1,2,263.0,2020
57468,GE1.5,44,GE,1.5 XLE,16.8,2,262.5,2020
57469,GE1.5,100,GE,1.5 XLE,16.8,3,262.5,2020
57474,1,5,SANY,SE8720IIIE,18.5,2,255.9,2020
57484,GEN1,126,GE,1.5 SE,14.6,3,213.0,2020
57493,STWF,94,GE,1.6 XLE,16.6,2,262.4,2020
57500,LWF,52,Siemens,SWT-2.3-101,16.8,3,262.4,2020
57501,RHWF,193,Siemens,SWT-2.3-101,16.8,3,262.4,2020
57514,WTG,112,Siemens,SWT-2.3-108,19.0,2,262.4,2020
57516,NOVUS,40,DeWind,D9.2,18.9,2,262.5,2020
57517,FRISC,10,DeWind,D8.2,19.2,2,262.5,2020
57520,1,90,Vestas,V110-2.0,19.0,2,262.4,2020
57526,NORTH,106,GE,2.5-100,26.8,2,279.0,2020
57529,1,30,Siemens,SWT-2.3-101,13.0,2,326.0,2020
57530,1,58,Vestas,V100-1.8,17.0,3,262.0,2020
57531,1,56,Vestas,V112-3.3,22.4,1,277.0,2020
57547,WCW,2,Unison,U57,14.0,3,223.0,2020
57549,SOUTH,116,GE,2.5-100,26.8,2,279.0,2020
57550,HORSE,116,GE,2.5-100,26.8,2,279.0,2020
57553,1,8,Nordex,N100/2500,16.5,2,272.0,2020
57566,2.5P2,1,GE,2.5-120,17.9,2,262.0,2020
57566,2.8P3,1,GE,2.85-100,17.9,2,291.0,2020
57568,RHW,22,Siemens,SWT-2.3-93,17.0,2,262.4,2020
57570,WTG,3,Goldwind,GW 87/1500,13.0,3,263.0,2020
57578,PATU,6,GE,1.5 SLE,12.0,2,262.0,2020
57586,1,50,Senvion,MM92,19.0,2,262.4,2020
57590,1,62,GE,1.6 XLE,18.0,2,265.0,2020
57593,1,50,GE,1.6 XLE,17.0,3,262.4,2020
57594,WTG1,1,GE,1.5 SLE,12.0,4,262.0,2020
57595,1,23,Mitsubishi,MWT-95/2.4,19.0,2,262.4,2020
57609,1,50,Gamesa,G87-2.0,18.0,2,256.0,2020
57613,WTG1,1,Kenersys,K100 2.5,14.0,3,278.0,2020
57614,GEN1,95,Gamesa,G114-2.0,19.0,2,305.0,2020
57616,GEN1,55,Vestas,V90-1.8,17.9,2,262.4,2020
57617,GEN1,75,Vestas,V110-2.0,19.0,3,273.0,2020
57620,GEN1,55,Vestas,V100-1.8,16.8,3,311.7,2020
57621,GEN1,24,Vestas,V112-3.3,19.0,2,276.0,2020
57623,GEN1,57,Vestas,V136-3.45,18.2,3,325.0,2020
57626,WTG1,2,Mitsubishi,MWT-1000A,12.0,4,180.0,2020
57628,GEN1,56,Vestas,V110-2.0,19.0,2,311.0,2020
57631,1,1,GE,1.5-77,17.0,2,262.4,2020
57632,1,1,GE,1.5-77,17.0,2,262.4,2020
57635,LW1,25,Senvion,MM92,14.0,4,262.0,2020
57637,1,1,Nordex,N54/1000,12.3,3,229.6,2020
57638,1,1,Nordex,N54/1000,12.3,3,229.6,2020
57639,1,73,Siemens,SWT-2.3-101,16.7,2,272.0,2020
57643,V100,1,Vestas,V100-1.8,16.8,2,262.4,2020
57644,PR1,119,GE,1.68-82.5,24.0,2,328.0,2020
57648,WT1,1,Hyundai,HQ1650,20.0,2,270.0,2020
57648,WT2,1,Hyundai,HQ1650,20.0,2,270.0,2020
57649,1,62,Mitsubishi,MWT-95/2.4,18.4,2,262.4,2020
57663,1,57,Siemens,SWT-2.3-108,17.6,2,272.0,2020
57675,PTWF,94,GE,1.6 XLE,17.4,2,262.4,2020
57678,1,134,GE,1.5-82.5,18.0,2,262.4,2020
57700,1,34,Siemens,SWT-2.3-101,22.3,2,262.4,2020
57701,1,34,Siemens,SWT-2.3-93,19.0,2,262.4,2020
57721,BWP,10,GE,1.5 SLE,16.0,2,262.0,2020
57721,HN-8,1,GE,2.3-116,16.0,2,262.5,2020
57721,HN-9,1,GE,2.3-116,16.0,2,262.5,2020
57725,1,58,Senvion,MM92,19.0,2,257.5,2020
57732,UMM1,1,Vestas,V82-1.65,18.0,2,265.0,2020
57741,SP111,1,Suzlon,S111,16.8,3,295.0,2020
57741,SP97,1,Suzlon,S97-2100,16.8,3,295.0,2020
57744,1,30,Siemens,SWT-2.3-108,12.8,2,272.0,2020
57748,DAW,1,GE,2.5-116,21.0,1,295.3,2020
57748,GBW,6,GE,1.5 SLE,21.0,1,262.0,2020
57748,OSR,1,GE,2.5-116,21.0,1,295.3,2020
57748,SOR,1,GE,2.5-116,21.0,1,295.3,2020
57749,ST,14,GE,1.6 XLE,12.0,3,262.5,2020
57751,1,87,Siemens,SWT-2.3-108,13.9,2,272.0,2020
57752,1,84,Mitsubishi,MWT-102/2.4,14.8,2,272.0,2020
57755,PETE,27,GE,1.5 XLE,19.0,2,262.4,2020
57756,1,4,GE,1.5 SLE,12.0,2,265.0,2020
57757,1,75,Senvion,MM92,19.0,2,257.5,2020
57760,PCWPS,9,Nordex,N100/2500,17.2,2,262.0,2020
57761,PCWPN,9,Nordex,N100/2500,17.2,2,262.0,2020
57762,CPV1,72,Siemens,SWT-2.3-108,14.0,3,297.0,2020
57766,RLWF,44,Vestas,V100-1.8,15.4,3,262.5,2020
57767,1,1,VENSYS,VENSYS77,16.5,2,281.0,2020
57769,1,88,GE,1.6-82.5,19.0,2,328.0,2020
57774,WGNS,60,Gamesa,G80-2.0,27.0,1,220.0,2020
57775,WGNS,5,Gamesa,G90-2.0,27.0,3,256.0,2020
57787,1,294,GE,1.6-100,16.8,3,262.4,2020
57791,WTG1,1,GE,1.5 SLE,13.4,4,213.0,2020
57792,WTG1,1,Mitsubishi,MWT-1000A,12.0,4,180.0,2020
57800,BISO2,35,Siemens,SWT-3.0-101,19.9,1,261.0,2020
57801,BISO3,35,Siemens,SWT-3.0-101,19.9,1,260.0,2020
57802,MV1,112,Vestas,V100-1.8,16.6,3,262.4,2020
57803,T1-6,6,Nordtank,NTK 500/41,16.3,2,131.0,2020
57813,TURB1,1,Clipper,Liberty C96,15.0,2,262.4,2020
57813,TURB2,1,Clipper,Liberty C96,15.0,2,262.4,2020
57823,WTG1,1,Vestas,V82-1.65,18.0,2,235.0,2020
57830,NORD,20,Nordex,N100/2500,19.0,2,328.0,2020
57832,NORD,15,Nordex,N100/2500,19.0,2,328.0,2020
57833,AW06,50,Vestas,V90-3.0,22.4,1,262.4,2020
57834,AW07,56,Vestas,V90-3.0,18.7,2,262.5,2020
57835,AW08,50,Vestas,V90-3.0,18.0,2,262.4,2020
57837,AW09,44,Vestas,V90-3.0,18.6,2,262.5,2020
57844,1,60,Vestas,V82-1.65,17.7,2,262.0,2020
57851,1,40,GE,1.6-100,17.0,3,328.0,2020
57852,1,20,GE,1.6-100,17.0,3,328.0,2020
57853,1,9,GE,1.6-100,17.0,3,328.0,2020
57855,1,1,GE,1.6-82.5,15.3,3,300.0,2020
57858,1,111,Vestas,V90-1.8,23.0,2,344.0,2020
57862,1,125,GE,1.6 XLE,18.1,2,328.0,2020
57866,PWR,34,Siemens,SWT-2.3-101,19.3,2,262.4,2020
57867,1,25,Senvion,MM92,19.0,2,262.4,2020
57867,2,2,Senvion,MM92,19.0,2,262.4,2020
57873,EWF,87,Siemens,SWT-2.3-108,16.8,3,262.4,2020
57874,VIIWF,19,Siemens,SWT-2.3-108,16.8,3,262.4,2020
57874,VIWF,45,Siemens,SWT-2.3-108,16.8,3,262.4,2020
57875,MLWF,44,Siemens,SWT-2.3-108,16.8,3,262.4,2020
57880,1,1,Clipper,Liberty C96,19.0,2,262.4,2020
57887,1,13,Suzlon,S97-2100,14.1,3,295.3,2020
57888,1,33,Vestas,V100-1.8,15.2,3,311.7,2020
57889,NOVII,20,DeWind,D9.2,18.8,2,262.5,2020
57890,1,32,Vestas,V100-1.8,15.4,3,262.4,2020
57913,1,57,GE,1.5 S,16.2,3,262.0,2020
57927,1,101,Gamesa,G97-2.0,15.7,3,295.0,2020
57935,EVW,12,REpower,MM92,16.5,3,262.0,2020
57947,GEN,28,Vestas,V100-1.8,13.4,3,262.4,2020
57956,1,63,GE,1.6 XLE,18.0,2,265.0,2020
57962,BT1,34,Vestas,V90-3.0,18.0,1,278.0,2020
57963,MS01,7,Goldwind,GW 87/1500,22.0,3,246.0,2020
57964,1,71,Goldwind,GW 82/1500,17.0,3,328.1,2020
57965,MS02,7,Goldwind,GW 87/1500,22.0,3,246.0,2020
57968,CGWF,2,Clipper,Liberty C96,15.0,2,328.0,2020
57973,GEN1,70,Siemens,SWT-2.3-101,19.0,2,262.4,2020
57974,GEN1,100,GE,1.5 SLE,19.0,2,262.4,2020
57975,GEN1,63,GE,1.6 XLE,19.0,2,262.4,2020
57976,1,40,Gamesa,G97-2.0,20.0,2,328.0,2020
57979,KCW,21,Vestas,V112-3.0,17.0,2,275.0,2020
57980,WTG,16,Vestas,V100-1.8,22.0,2,263.0,2020
57981,GEN1,75,Gamesa,G90-2.0,18.1,2,328.1,2020
57983,1,118,GE,1.79-100,14.9,2,262.5,2020
57983,2,92,GE,1.79-100,14.9,2,262.5,2020
57984,LWEP,56,Vestas,V100-1.8,16.7,3,311.0,2020
57987,1,135,REpower,MM92,19.0,3,273.0,2020
57991,1,30,Nordex,N100/2500,19.0,2,328.1,2020
57995,RR,126,Acciona,AW77/1500,18.0,2,262.0,2020
57996,AWET,8,Siemens,SWT-3.0-101,24.6,1,261.0,2020
57998,1,68,Senvion,MM92,19.0,2,328.1,2020
57999,1,15,Gamesa,G97-2.0,16.8,3,295.3,2020
58000,ANA,55,Vestas,V100-1.8,17.0,3,262.4,2020
58004,1,33,Vestas,V90-3.0,19.5,2,266.7,2020
58008,CR,134,GE,1.6-100,18.1,3,263.0,2020
58018,1,65,GE,1.6-82.5,18.4,2,262.5,2020
58019,1,19,Suzlon,S97-2100,14.1,3,295.3,2020
58020,1,34,Nordex,N117/2400,13.8,3,298.6,2020
58021,1,57,GE,1.6-82.5,14.1,2,262.5,2020
58025,WTG1,1,Vestas,V82-1.65,19.0,2,262.0,2020
58025,WTG2,1,Vestas,V82-1.65,19.0,2,262.0,2020
58026,1,10,Gamesa,G90-2.0,19.0,2,256.0,2020
58035,BIWF,5,Alstom,Haliade 150,21.1,1,347.7,2020
58038,BCW,1,Goldwind,GW 82/1500,16.0,3,278.0,2020
58041,1,140,GE,1.68-82.5,24.0,2,328.0,2020
58041,2,27,GE,1.68-82.5,24.0,2,328.0,2020
58044,GEN1,2,Acciona,AW116/3000,31.3,2,328.0,2020
58045,GEN1,15,REpower,MM92,20.0,2,328.0,2020
58048,1,12,Nordex,N100/2500,19.0,2,262.4,2020
58065,CWT1,1,Sinovel,SL1500/82,8.4,3,230.0,2020
58071,1,1,GE,1.6-82.5,17.0,2,262.5,2020
58078,GE 1.,93,GE,1.62-100,24.0,2,328.0,2020
58080,1,75,GE,1.5 XLE,16.8,3,262.5,2020
58088,1,58,GE,1.6-100,15.9,3,262.5,2020
58089,1,2,GE,1.6 82.5,17.0,1,262.5,2020
58098,1,142,Gamesa,G114-2.0,18.4,2,262.0,2020
58099,1,56,Vestas,V136-3.45,13.8,4,285.0,2020
58101,WTG1,1,GE,1.6 XLE,12.0,4,262.4,2020
58101,WTG2,1,GE,1.6 XLE,12.0,4,262.4,2020
58102,WTG1,1,GE,1.5 SLE,13.4,4,213.0,2020
58102,WTG2,1,GE,1.5 SLE,13.4,4,213.0,2020
58103,1,14,Gamesa,G97-2.0,16.2,2,288.0,2020
58104,WTG1,1,Mitsubishi,MWT-1000A,13.9,4,180.0,2020
58105,WTG1,1,GE,1.5 SLE,21.0,4,213.0,2020
58106,MCPC,57,Suzlon,S97-2100,17.9,3,295.3,2020
58111,1,50,GE,1.6-100,16.8,3,328.0,2020
58112,WTG1,1,GE,1.5 SLE,21.0,4,213.0,2020
58113,WTG1,1,GE,1.5 SLE,21.0,1,213.0,2020
58113,WTG2,1,GE,1.5 SLE,21.0,1,213.0,2020
58114,WTG1,1,GE,1.6 XLE,20.4,1,262.4,2020
58114,WTG2,1,GE,1.6 XLE,20.4,1,262.4,2020
58114,WTG3,1,GE,1.85-87,20.4,1,262.4,2020
58121,GEN1,31,GE,1.6-100,17.0,3,328.0,2020
58121,GEN2,39,GE,1.6-100,17.0,3,328.0,2020
58121,GEN3,30,GE,1.6-100,17.0,3,328.0,2020
58126,1,125,GE,1.6 SLE,17.0,3,262.4,2020
58127,1,125,GE,1.6 SLE,14.7,3,262.4,2020
58137,1,43,Siemens,SWT-2.3-108,19.0,2,262.4,2020
58141,1,24,Gamesa,G78-2.0,14.8,3,256.0,2020
58154,GEN1,100,GE,1.6 XLE,16.8,2,286.0,2020
58155,GEN1,62,GE,1.6 XLE,16.8,3,262.5,2020
58162,CW,17,CCWE,CCWE-3600/115.D,14.0,2,279.0,2020
58203,1,63,GE,1.7-100,18.0,3,265.0,2020
58209,WT,26,Siemens,SWT-2.3-108,19.0,2,262.4,2020
58218,SKW25,25,GE,1.6-82.5,19.0,2,262.0,2020
58220,WTGA,1,Goldwind,GW 87/1500,13.0,3,263.0,2020
58220,WTGB,1,Goldwind,GW 87/1500,13.0,3,263.0,2020
58220,WTGC,1,Goldwind,GW 87/1500,13.0,3,263.0,2020
58233,GEN1,2,Vestas,V90-3.0,22.3,1,262.4,2020
58238,GMCW,4,Goldwind,GW 100/2500,17.5,2,262.4,2020
58242,1,118,GE,1.85-87,19.0,2,262.4,2020
58321,1,85,GE,1.7-100,16.8,3,263.0,2020
58322,1,118,GE,1.7-100,19.0,3,262.5,2020
58324,SIE23,43,Siemens,SWT-2.3-93,19.0,2,262.4,2020
58351,GE16,75,GE,1.6 XLE,16.8,3,262.5,2020
58363,WND1,51,GE,1.6 XLE,16.8,2,262.5,2020
58372,GEN1,85,GE,1.6 XLE,16.8,2,262.5,2020
58394,AW10,48,GE,2.85-103,22.4,2,262.0,2020
58395,AW11,48,GE,1.7-100,22.4,3,262.4,2020
58404,1,5,Siemens,SWT-2.3-101,27.0,2,262.4,2020
58407,WTG01,1,GE,1.6 XLE,16.0,2,262.4,2020
58414,NLMU,1,VENSYS,VENSYS82,15.0,3,279.0,2020
58416,1,100,Vestas,V110-2.0,16.7,3,311.0,2020
58424,1,6,Guodian United Power,GUP1500-82,16.5,3,262.4,2020
58425,WT1,11,GE,1.6 XLE,16.1,2,262.4,2020
58441,SW,5,Gamesa,G58-850,19.0,3,180.0,2020
58444,JHW,5,GE,1.62-82.5,17.6,2,262.4,2020
58456,1,1,GE,1.62-82.5,17.0,2,262.5,2020
58457,1,1,GE,1.62-82.5,17.0,2,262.5,2020
58458,1,1,GE,1.62-82.5,17.0,2,262.5,2020
58459,1,1,GE,1.62-82.5,17.0,2,262.5,2020
58460,1,1,GE,1.62-82.5,17.0,2,262.5,2020
58461,1,1,GE,1.62-82.5,17.0,2,262.5,2020
58464,0001,6,Vestas,V82,19.0,1,262.4,2020
58465,0002,6,Vestas,V82,19.0,1,262.4,2020
58474,GE1,135,GE,1.85-82.5,24.0,2,328.0,2020
58511,EWT1,1,EWT,DW54-900,15.1,3,240.0,2020
58511,EWT2,1,Northern Power,Northwind 100,15.1,3,240.0,2020
58511,NW1,1,Southwest Windpower,Skystream 3.7,15.1,3,120.0,2020
58548,WTG1,1,SANY,SE11020,16.8,3,262.4,2020
58548,WTG2,1,SANY,SE11020,16.8,3,262.4,2020
58548,WTG3,1,SANY,SE11020,16.8,3,262.4,2020
58548,WTG4,1,SANY,SE11020,16.8,3,262.4,2020
58571,1,116,Siemens,SWT-2.3-108,22.3,2,262.4,2020
58580,1,44,GE,1.7-100,16.8,3,262.4,2020
58587,1,59,GE,1.7-100,16.8,3,262.5,2020
58594,1,44,GE,1.7-100,16.8,3,262.5,2020
58596,GRVWI,118,GE,1.7-100,16.3,3,262.4,2020
58608,SRW1,3,GE,2.85-103,19.0,2,279.0,2020
58608,SRW2,9,GE,2.85-103,19.0,2,279.0,2020
58614,PAT1,63,Vestas,V136-3.6,14.9,3,285.0,2020
58620,1,8,GE,2.85-103,19.0,2,279.0,2020
58630,RPOH,2,GE,1.7-100,16.8,3,262.5,2020
58657,1,100,Vestas,V110-2.0,16.0,3,262.5,2020
58658,1,100,Vestas,V100-2.0,18.0,2,262.0,2020
58661,GE-3,1,GE,1.68-82.5,19.0,2,262.4,2020
58661,GE-4,1,GE,1.68-82.5,19.0,2,262.4,2020
58666,1,21,Siemens,SWT-2.3-108,20.1,2,262.4,2020
58677,1,69,GE,1.6 XLE,14.5,2,328.0,2020
58681,RT661,75,Vestas,V110-2.0,16.7,3,262.4,2020
58683,1,94,GE,1.7-103,18.0,3,262.4,2020
58686,HANC1,17,Vestas,V117-3.3,22.4,1,262.0,2020
58690,APLB1,29,Vestas,V126-3.45,14.5,2,285.0,2020
58691,STFK1,6,GE,2.3-116,18.1,3,263.0,2020
58692,1,39,Vestas,V110-2.0,15.4,3,262.4,2020
58694,1,106,Vestas,V100-2.0,15.7,3,312.0,2020
58695,1,200,Vestas,V100-2.0,15.6,3,312.0,2020
58719,WPH2,44,GE,1.6-100,17.0,3,328.0,2020
58720,1,79,Siemens,SWT-2.3-108,19.0,2,262.4,2020
58765,1,156,GE,1.85-87,19.1,2,262.4,2020
58766,1,150,GE,1.7-103,19.2,3,262.4,2020
58767,1,112,GE,1.79-100,20.6,2,262.4,2020
58768,1,10,GE,1.6-103,16.7,3,262.0,2020
58769,1,19,GE,1.79-100,20.4,2,262.4,2020
58769,SCIII,16,GE,1.79-100,18.6,2,262.4,2020
58771,GEN1,125,Vestas,V100-2.0,19.0,2,262.4,2020
58772,GEN1,100,Vestas,V100-2.0,19.0,2,262.4,2020
58773,GEN1,87,GE,1.85-82.5,19.0,2,262.4,2020
58774,GEN1,85,GE,1.6-82.5,19.0,2,262.4,2020
58775,GEN1,97,Vestas,V100-2.0,19.0,2,262.4,2020
58830,CWEP,62,GE,1.7-100,17.0,3,314.9,2020
58830,CWEP2,19,GE,2.3-116,17.0,3,308.0,2020
58830,CWEP3,33,GE,2.3-116,17.0,3,308.0,2020
58833,RH2W,15,Vestas,V110-2.0,14.3,3,262.5,2020
58836,LW1,32,GE,1.5-82.5,12.0,2,262.4,2020
58837,WT1,9,Vestas,V136-3.45,14.0,3,344.5,2020
58838,KW1,55,Vestas,V100-2.0,19.0,2,328.0,2020
58872,BISO4,64,Siemens,SWT-3.2-113,20.1,2,303.5,2020
58883,HLWF,214,Siemens,SWT-2.3-108,16.8,3,262.4,2020
58883,HLWF2,40,Siemens,SWT-2.3-108,16.8,3,262.4,2020
58883,HLWF3,38,Siemens,SWT-2.3-108,16.8,3,262.4,2020
58883,HLWF4,38,Siemens,SWT-2.3-108,16.8,3,262.4,2020
58883,HLWF5,49,Siemens,SWT-2.3-108,16.8,3,262.4,2020
58883,HLWF6,40,Siemens,SWT-2.3-108,16.8,3,262.4,2020
58883,HLWF7,7,Siemens,SWT-2.3-108,16.8,3,262.4,2020
58884,LGWF,107,Siemens,SWT-2.3-108,16.8,3,262.4,2020
58885,MBWF,51,Siemens,SWT-2.3-108,16.8,3,262.4,2020
58886,WBWF,60,Siemens,SWT-2.3-108,16.8,3,262.4,2020
58887,ADAM,1,Clipper,Liberty C93,17.0,3,262.4,2020
58887,EVE,1,Clipper,Liberty C96,17.0,3,328.0,2020
58891,BTWF1,10,Gamesa,G114-2.0,16.7,2,305.0,2020
58891,BTWF2,14,Gamesa,G114-2.0,16.7,3,305.0,2020
58898,K4-1,103,GE,1.7-100,19.0,3,262.4,2020
58900,BAL1,162,GE,1.85-87,19.0,2,262.5,2020
58902,KNG1,149,Vestas,V100-2.0,19.0,2,262.4,2020
58904,1,16,Nordex,N100/2500,17.8,2,328.0,2020
58908,1,21,Nordex,N117/2400,14.1,3,299.0,2020
58924,SUG1,114,Vestas,V150-4.2,15.6,3,393.7,2020
58927,WT01,1,Goldwind,GW 82/1500,23.0,3,278.9,2020
58932,WT01,1,Goldwind,GW 82/1500,23.0,3,278.9,2020
58938,WT,75,Vestas,V100-2.0,27.0,2,295.0,2020
58939,AND1,3,Vestas,V82-1.65,19.0,2,262.4,2020
58940,AND2,5,Vestas,V100-2.0,19.0,2,262.4,2020
58958,CMLTW,1,Goldwind,GW 82/1500,16.0,3,229.6,2020
58965,2,16,Nordex,N117/3000,17.9,2,298.6,2020
58965,THNDR,43,Nordex,N100/2500,17.9,2,263.0,2020
58966,T 1-6,6,GE,1.7-100,15.6,3,262.4,2020
58979,CPHGN,40,Vestas,V110-2.0,15.0,3,312.0,2020
58981,BBII,43,GE,1.7-100,16.8,3,262.4,2020
58992,WND-1,1,Vestas,V82-1.65,20.5,2,262.4,2020
58992,WND-2,1,Vestas,V82-1.65,20.5,2,262.4,2020
58994,BWP,57,GE,1.7-103,14.5,3,263.0,2020
58995,OLFWT,1,Vestas,V82-1.65,14.5,3,270.0,2020
58998,GWWP,100,Vestas,V100-2.0,27.0,2,328.0,2020
58999,LEWP,34,Vestas,V110-2.0,27.0,3,361.0,2020
59003,1,6,GE,1.62-82.5,19.2,2,260.0,2020
59005,MAR1,96,GE,2.4-107,17.5,2,262.4,2020
59021,HOO1,49,Vestas,V100-2.0,17.0,2,311.0,2020
59022,1,1,Hyundai,HQ2000/86,25.0,2,262.4,2020
59023,GEN 1,1,Hyundai,HQ2000/86,25.0,2,262.4,2020
59024,N-54,1,Nordex,N54/1000,19.0,2,229.0,2020
59034,SHAN1,119,GE,1.7-103,16.8,3,262.5,2020
59053,WT1,1,Acciona,AW125/3000,22.8,2,287.0,2020
59061,WT1,139,Vestas,V110-2.0,14.5,4,95.0,2020
59063,WT1,67,Acciona,AW125/3000,17.5,2,287.0,2020
59065,WT1,54,Vestas,V110-2.0,12.0,3,262.0,2020
59066,MVII,76,Acciona,AW100/3000,17.1,4,287.0,2020
59068,GVII,112,GE,1.79-100,19.0,2,262.0,2020
59070,WT 1,5,GE,2.85-103,13.8,2,279.0,2020
59071,WT 1,9,Siemens,SWT-2.3-108,19.2,2,262.4,2020
59076,WT1,6,GE,1.7-103,15.0,3,262.4,2020
59083,WT1,118,GE,1.7-100,17.0,3,262.4,2020
59084,RPMA,36,Vestas,V110-2.0,15.6,3,312.0,2020
59118,CAM1,55,Acciona,AW125/3000,19.0,2,287.0,2020
59147,1,12,Nordex,N100/2500,17.8,2,328.1,2020
59187,B&H80,43,GE,1.85-87,20.1,1,262.4,2020
59193,CHA1,81,Acciona,AW125/3000,15.4,3,287.0,2020
59200,1,75,Vestas,V100-2.0,18.0,2,312.0,2020
59201,1,100,Vestas,V100-2.0,18.0,2,312.0,2020
59222,Q357,13,Vestas,V112-3.3,19.4,2,275.6,2020
59223,WT1,1,Acciona,AW125/3000,22.8,2,287.0,2020
59224,WT1,1,Acciona,AW125/3000,22.8,2,287.0,2020
59225,WT1,1,Acciona,AW125/3000,22.8,2,287.0,2020
59226,WT1,1,Acciona,AW125/3000,16.8,2,287.0,2020
59227,WT1,1,Acciona,AW125/3000,16.8,2,287.0,2020
59228,WT1,1,Acciona,AW125/3000,16.7,3,287.0,2020
59230,WT1,1,Acciona,AW125/3000,22.8,2,287.0,2020
59231,WT1,1,Acciona,AW125/3000,22.8,2,287.0,2020
59232,WT1,1,Acciona,AW125/3000,16.7,3,287.0,2020
59234,GEN1,50,Vestas,V110-2.0,19.0,2,276.0,2020
59235,GEN1,6,Vestas,V112-3.3,19.0,2,276.0,2020
59236,GEN1,30,Vestas,V112-3.0,19.0,2,276.0,2020
59238,WND2,28,Siemens,SWT-2.3-108,17.5,2,262.4,2020
59244,FIBE1,29,GE,2.3-116,19.0,2,200.0,2020
59245,FLUV1,74,Gamesa,G114-2.0,18.0,3,262.0,2020
59247,HALE1,239,Vestas,V110-2.0,19.0,2,262.0,2020
59284,GE1.7,117,GE,1.7-100,18.0,3,265.0,2020
59292,RCWP,101,Acciona,AW125/3000,25.0,2,410.0,2020
59295,NKG1,1,Goldwind,GW 82/1500,12.0,3,278.8,2020
59296,NWOH1,42,GE,2.5-120,16.1,4,295.0,2020
59301,WEDC1,1,VENSYS,VENSYS82,12.0,3,278.8,2020
59302,COV2,1,VENSYS,VENSYS82,12.5,3,278.8,2020
59302,COV2A,1,VENSYS,VENSYS82,12.6,3,278.8,2020
59302,COV2B,1,VENSYS,VENSYS82,12.8,3,278.8,2020
59305,WEDC3,1,VENSYS,VENSYS82,12.6,3,278.8,2020
59306,WEDC4,1,VENSYS,VENSYS82,12.0,3,278.8,2020
59311,SEIL1,117,GE,1.7-100,16.8,3,262.5,2020
59312,SEIL2,58,GE,1.7-100,16.8,3,262.5,2020
59313,COV5,1,VENSYS,VENSYS82,13.1,3,278.8,2020
59314,COV6,1,VENSYS,VENSYS82,12.4,3,278.8,2020
59314,COV6A,1,VENSYS,VENSYS82,12.0,3,278.8,2020
59314,COV6B,1,VENSYS,VENSYS82,12.3,3,278.8,2020
59320,GEN1,100,Vestas,V110-2.0,17.8,3,272.0,2020
59321,GEN1,100,Vestas,V110-2.0,16.7,3,272.0,2020
59328,GAC1,1,GE,1.85-82.5,16.1,3,262.0,2020
59329,SOL1,1,GE,1.85-82.5,14.3,3,262.0,2020
59330,TAY1,1,GE,1.85-82.5,13.2,3,262.0,2020
59331,ANB2,1,GE,1.85-82.5,13.4,3,262.0,2020
59332,MSCRK,118,GE,1.7-100,18.0,3,262.5,2020
59384,1,100,Vestas,V100-2.0,19.0,2,262.4,2020
59417,WT1,11,SANY,SE11020,18.5,2,255.9,2020
59435,OTE14,11,GE,1.85-87,19.0,2,262.4,2020
59442,1,87,Siemens,SWT-2.3-108,19.0,2,262.4,2020
59448,WEC01,1,VENSYS,VENSYS82,14.5,3,279.0,2020
59448,WEC02,1,VENSYS,VENSYS82,14.5,3,279.0,2020
59460,KNG1,130,Siemens,SWT-2.3-108,19.0,2,262.4,2020
59475,GE1.7,147,GE,1.79-100,16.5,2,262.5,2020
59490,JCW,5,GE,2.0-116,14.0,3,262.0,2020
59491,BCW,5,GE,2.0-116,14.7,3,262.0,2020
59492,DCW,5,GE,2.0-116,12.0,3,262.0,2020
59493,PW,5,GE,2.0-116,14.0,3,262.0,2020
59494,WSW,5,GE,2.0-116,15.0,3,262.0,2020
59547,1,65,Siemens,SWT-2.3-108,13.0,2,262.0,2020
59621,JRWND,162,GE,1.85-87,20.0,2,262.4,2020
59622,FGMA,4,Gamesa,G97-2.0,15.0,3,295.0,2020
59629,GEN1,37,Gamesa,G114-2.0,16.7,2,305.0,2020
59637,ADWF,64,Siemens,SWT-2.3-108,16.8,3,262.4,2020
59637,ADWF2,18,Siemens,SWT-2.3-108,16.8,3,262.4,2020
59637,ADWF3,20,Siemens,SWT-2.3-108,16.8,3,262.4,2020
59637,ADWF4,20,Siemens,SWT-2.3-108,16.8,3,263.0,2020
59639,LIGHT,1,SANY,SE9320III-3,14.0,3,262.0,2020
59654,1,39,GE,2.0-116,15.7,3,262.5,2020
59655,CCWF1,55,GE,1.7-103,18.5,3,262.4,2020
59684,LWP01,75,Vestas,V100-2.0,15.0,2,328.0,2020
59692,FPWTG,3,Goldwind,GW 82/1500,23.4,3,230.0,2020
59712,SRWI,31,Acciona,AW125/3000,16.8,2,287.0,2020
59724,SCIWT,1,Sinovel,SL1500/82,15.7,2,262.0,2020
59725,FHWTG,2,Sinovel,SL1500/82,14.9,2,262.0,2020
59732,GPI,50,Acciona,AW116/3000,12.0,2,302.0,2020
59733,GPII,50,Acciona,AW116/3000,12.0,2,302.0,2020
59734,BFW,81,GE,1.85-87,19.8,2,263.0,2020
59735,KCC01,4,Clipper,Liberty C96,13.4,2,262.4,2020
59736,7772,1,GE,1.85-87,19.0,2,262.5,2020
59776,T01,1,Vestas,V82-1.65,14.5,3,262.0,2020
59797,WT1,1,Leitwind,LTW77 1.500,15.0,2,262.0,2020
59817,GEN01,1,CPC,FD77-1500-IIIA,14.0,3,262.0,2020
59817,GEN03,1,GE,1.7-103,19.3,3,263.0,2020
59837,GEN1,75,Vestas,V100-2.0,19.0,2,262.4,2020
59838,GEN1,25,Vestas,V100-2.0,20.4,2,300.0,2020
59888,GEN,54,Vestas,V117-3.3,21.3,2,300.0,2020
59902,GEN,60,GE,2.82-127,17.0,2,292.0,2020
59903,GEN,29,Vestas,V126-3.45,20.0,2,285.4,2020
59943,1,118,GE,1.7-100,19.0,3,262.4,2020
59953,AWND1,9,Siemens,SWT-3.2-113,16.8,2,302.0,2020
59965,LTIGO,27,GE,2.0-116,13.0,3,262.0,2020
59968,1,104,Gamesa,G114-2.0,12.9,4,305.0,2020
59972,BRKAT,57,Vestas,V126-3.45,18.5,2,285.0,2020
59974,GW1,140,GE,1.7-103,14.0,3,262.4,2020
59975,CW1,88,GE,1.79-100,14.0,3,262.4,2020
60013,GRANT,66,Siemens,SWT-2.3-108,19.0,2,262.4,2020
60015,WNDW1,2,Goldwind,GW 87/1500,13.1,3,262.0,2020
60049,GE,48,GE,1.79-100,17.9,2,262.4,2020
60059,1,55,Vestas,V110-2.0,15.0,3,272.0,2020
60069,CBLF1,111,GE,1.79-100,19.0,1,262.0,2020
60087,SPII,91,Vestas,V117-3.3,22.4,1,262.0,2020
60088,SNFLR,52,Vestas,V100-2.0,19.0,2,262.0,2020
60104,GEWTG,126,GE,2.0-116,20.0,3,282.0,2020
60126,H1,1,Goldwind,GW 87/1500,14.0,3,283.0,2020
60128,Z1,1,Goldwind,GW 87/1500,13.0,3,262.0,2020
60128,Z2,1,Goldwind,GW 87/1500,13.0,3,262.0,2020
60128,Z3,1,Goldwind,GW 87/1500,13.0,3,262.0,2020
60132,NCG01,49,Gamesa,G97-2.0,18.0,2,255.9,2020
60143,WTG,34,GE,1.79-100,18.0,3,262.5,2020
60145,1,79,Siemens,SWT-2.3-108,19.0,2,80.0,2020
60152,1,62,Siemens,SWT-2.3-108,19.0,2,80.0,2020
60210,CPWF,21,GE,2.4-107,20.6,2,262.0,2020
60217,RKSP,69,GE,2.3-107,18.8,2,80.0,2020
60218,FC1,61,Vestas,V126-3.3,17.7,2,285.4,2020
60256,1,60,Vestas,V117-3.3,20.1,2,300.2,2020
60259,PWP1,46,GE,1.85-87,19.0,2,262.0,2020
60262,GEN1,41,GE,1.79-100,20.6,2,262.4,2020
60270,WT1,150,Vestas,V126-3.45,18.0,2,285.0,2020
60314,GEN1,20,GE,1.79-100,20.6,2,262.4,2020
60317,1,96,Siemens,SWT-2.3-108,19.0,2,80.0,2020
60326,OBWF,104,Siemens,SWT-2.3-108,16.8,3,262.4,2020
60326,OBWF2,45,Siemens,SWT-2.3-108,16.8,3,262.4,2020
60326,OBWF3,33,Siemens,SWT-2.3-108,16.8,3,262.4,2020
60329,RINGR,14,GE,2.85-103,19.0,2,295.3,2020
60338,EWF,100,GE,2.3-116,13.9,2,262.5,2020
60339,HCWF,100,GE,2.3-116,14.1,2,262.5,2020
60342,IGWF,134,GE,2.3-116,16.8,3,262.4,2020
60342,IGWF2,54,GE,2.3-116,16.8,3,262.4,2020
60342,IGWF3,41,GE,2.3-116,16.8,3,262.4,2020
60342,IGWF4,12,GE,2.3-116,16.8,3,262.4,2020
60354,BWEC2,72,GE,2.0-116,19.0,2,315.0,2020
60355,BWEC1,87,GE,1.79-100,19.0,2,315.0,2020
60366,OSWF,62,GE,2.4-107,20.6,2,262.0,2020
60404,PISGA,5,Vestas,V90-1.8,15.7,3,312.0,2020
60414,GEN1,120,GE,2.3-116,19.9,2,262.4,2020
60470,1,48,Gamesa,G114-2.0,16.7,3,305.0,2020
60471,GRNRV,74,Gamesa,G126-2.5,15.7,3,275.6,2020
60486,1,13,GE,2.5-100,18.0,2,220.0,2020
60502,GEN1,52,Siemens,SWT-2.3-108,17.0,2,262.4,2020
60503,CTTL1,87,GE,2.3-116,14.0,2,90.0,2020
60504,BLZG1,100,Vestas,V120-2.0,19.0,2,262.0,2020
60505,CRCKR,77,GE,2.0-116,19.5,2,295.0,2020
60541,WT1,1,GE,1.85-87,16.0,2,265.0,2020
60545,WT,64,Siemens,SWT-2.3-108,19.0,2,262.4,2020
60551,BLW01,25,GE,3.6 SL,16.3,3,430.0,2020
60574,GEN1,93,Vestas,V100-2.0,20.0,2,264.0,2020
60587,WND1,92,Vestas,V100-2.0,19.0,2,262.5,2020
60592,WT1,119,GE,2.0-116,18.0,3,265.0,2020
60594,VYGR1,38,Vestas,V112-3.45,22.0,1,275.0,2020
60619,GEN1,300,Vestas,V100-2.0,19.0,2,262.0,2020
60620,NSW,121,GE,1.79-100,13.0,1,280.0,2020
60639,KMW1,60,GE,1.7-103,13.0,3,280.0,2020
60639,KMW2,60,GE,1.7-103,13.0,3,280.0,2020
60645,WJ21,100,GE,2.0-116,13.0,3,328.0,2020
60655,WT1,150,Vestas,V110-2.0,15.0,2,360.0,2020
60657,GEN1,87,Vestas,V100-2.0,20.3,2,262.4,2020
60672,GEN1,97,GE,2.0-116,18.0,2,301.0,2020
60687,1,100,Vestas,V110-2.0,15.0,3,262.0,2020
60688,1,100,Vestas,V100-2.0,22.0,2,328.0,2020
60689,1,122,Siemens,SWT-2.3-108,19.0,2,262.5,2020
60700,WCS,2,GE,2.85-103,18.7,2,322.0,2020
60743,WT1,64,Goldwind,GW 109/2500,13.4,2,270.0,2020
60856,ASTRA,68,GE,2.4-107,19.0,2,262.0,2020
60865,WT1,2,Gamesa,G90-2.0,15.9,2,256.0,2020
60873,PWE,84,Vestas,V110-2.0,16.8,3,312.0,2020
60883,WT1,20,Vestas,V110-2.0,14.8,3,331.0,2020
60883,WT2,36,Vestas,V110-2.0,14.8,3,331.0,2020
60883,WT3,16,Vestas,V110-2.0,14.8,3,331.0,2020
60901,WSPWF,110,GE,2.5-120,16.2,4,295.3,2020
60902,DERM,110,GE,2.3-116,15.5,4,262.5,2020
60905,WT1,48,GE,2.0-116,19.0,2,301.0,2020
60911,GRN,1,GE,1.7-100,17.0,3,263.0,2020
60931,WT1,1,GE,1.7-103,18.0,2,264.0,2020
60932,WT1,4,GE,1.7-103,19.0,2,264.0,2020
60983,BWIND,29,Vestas,V126-3.45,19.2,3,297.0,2020
60987,GEN1,120,GE,2.5-120,19.2,2,456.0,2020
60991,STER1,13,GE,2.3-116,18.8,2,80.0,2020
60999,READW,64,Siemens Gamesa,G132-3.465,17.9,2,333.0,2020
61001,WT1,43,Vestas,V126-3.45,18.0,2,285.0,2020
61002,PORT1,1,VENSYS,VENSYS82,15.4,3,278.8,2020
61004,W1,1,Goldwind,GW 87/1500,13.0,1,262.0,2020
61005,W1,1,Goldwind,GW 87/1500,13.0,3,262.0,2020
61005,W2,1,Goldwind,GW 87/1500,13.0,3,262.0,2020
61005,W3,1,Goldwind,GW 87/1500,13.0,3,262.0,2020
61032,HTX,64,GE,2.82-127,19.2,2,291.9,2020
61039,WT1,15,Gamesa,G97-2.0,16.7,3,256.0,2020
61040,WT1,36,Gamesa,G114-2.0,19.7,2,262.0,2020
61047,WT1,39,GE,2.5-127,19.0,2,292.0,2020
61056,T1,1,GE,1.7-103,18.8,2,262.5,2020
61066,WTG1,1,GE,1.85-82.5,15.8,3,262.0,2020
61067,WTG1,1,GE,1.85-82.5,13.2,4,262.0,2020
61070,SWE,33,Vestas,V116-2.1,17.2,3,308.0,2020
61077,1,51,Vestas,V110-2.0,16.8,3,312.0,2020
61077,2,193,Vestas,V110-2.0,16.8,3,312.0,2020
61079,1,85,Vestas,V110-2.0,16.8,3,312.0,2020
61079,GT1,85,Vestas,V110-2.0,16.8,3,312.0,2020
61100,GE23,89,GE,2.72-116,19.9,2,487.0,2020
61106,1,65,GE,2.5-116,13.4,3,295.0,2020
61155,BT-MT,14,GE,1.79-100,16.0,3,262.4,2020
61161,GEN01,48,Vestas,V150-4.2,17.0,2,345.0,2020
61212,FTWI,100,Vestas,V110-2.0,15.5,3,312.0,2020
61221,WT1,48,Gamesa,G114-2.0,19.5,1,93.0,2020
61222,1,20,GE,2.3-107,18.0,3,295.0,2020
61261,RF1,60,Siemens,SWT-2.3-108,19.0,2,278.0,2020
61269,WT1,120,GE,2.5-116,26.0,2,380.0,2020
61270,RDDRT,95,Acciona,AW125/3150,25.0,2,410.0,2020
61303,BLUFF,56,GE,2.0-116,18.0,2,301.0,2020
61330,WT1,30,Vestas,V110-2.0,14.5,4,312.0,2020
61343,WT1,124,GE,2.5-127,15.1,3,90.0,2020
61344,WT1,42,Vestas,V136-3.45,16.1,3,269.0,2020
61356,W1,1,Goldwind,GW 87/1500,14.0,3,262.0,2020
61356,W2,1,Goldwind,GW 87/1500,14.0,3,262.0,2020
61357,RP1,100,Vestas,V110-2.0,17.9,2,262.0,2020
61402,FOARD,139,GE,2.5-127,16.8,2,88.0,2020
61407,CTNWD,40,GE,2.3-107,19.0,2,295.0,2020
61417,GCWF,76,Vestas,V110-2.0,19.0,2,262.0,2020
61442,WTG1,1,GE,1.7-100,14.5,3,262.0,2020
61443,WTG1,1,GE,1.7-100,14.0,3,262.0,2020
61444,WTG1,1,GE,1.7-100,14.5,3,262.0,2020
61540,WIND1,1,VESTAS,V100-2.0,18.6,2,262.5,2020
61540,WIND2,1,VESTAS,V100-2.0,18.6,2,262.5,2020
61564,1,121,GE,2.5-116,17.7,2,295.0,2020
61565,1,69,GE,2.5-127,17.2,2,286.0,2020
61582,VYGR2,36,Vestas,V117-3.45,22.0,1,275.0,2020
61583,VYGR3,12,Vestas,V117-3.45,22.0,1,275.0,2020
61584,VYGR4,6,Vestas,V117-3.45,22.0,1,275.0,2020
61589,MT-1,1,Renewtech,WT100,19.0,2,120.0,2020
61589,UT-1,1,Goldwind,GW 121/2500,23.5,2,426.0,2020
61609,1,43,GE,2.5-100,18.0,3,265.0,2020
61638,TC1,50,Vestas,V136-3.45,17.0,3,269.0,2020
61644,AUG,1,GE,1.79-100,17.4,3,263.0,2020
61660,WTG1,1,Goldwind,GW 87/1500,13.0,1,262.0,2020
61660,WTG2,1,Goldwind,GW 87/1500,13.0,1,262.0,2020
61660,WTG3,1,Goldwind,GW 87/1500,13.0,1,262.0,2020
61668,CR2-1,1,GE,2.3-107,18.7,2,264.0,2020
61668,CR2-2,1,GE,2.3-107,18.7,2,264.0,2020
61668,CR2-3,1,GE,2.3-107,18.7,2,264.0,2020
61673,WT,36,Vestas,V110-2.0,19.0,2,312.0,2020
61674,WT,65,GE,2.3-116,19.0,2,200.0,2020
61677,T-1,1,GE,2.3-116,18.6,2,295.0,2020
61677,T-2,1,GE,2.3-116,18.6,2,295.0,2020
61677,T-3,1,GE,2.3-116,18.6,2,295.0,2020
61734,1,1,VENSYS,VENSYS82,15.6,3,272.0,2020
61735,WT1,74,GE,2.5-100,25.0,2,380.0,2020
61745,ACSD,9,GE,2.3-116,17.0,3,262.5,2020
61746,BCSD,9,GE,2.3-116,17.9,3,262.5,2020
61747,1,75,Vestas,V120-2.0,19.0,2,262.0,2020
61756,MWLVI,61,Vestas,V136-3.45,17.0,2,105.0,2020
61773,PW,46,Acciona,AW125/3000,16.3,2,280.0,2020
61775,OT196,1,VENSYS,VENSYS82,12.0,3,85.0,2020
61776,MIDWY,47,Gamesa,G132-5.0,17.1,2,275.6,2020
61782,WTGS,76,Siemens,SWT-2.625-120,18.6,2,262.0,2020
61784,UWE,81,GE,2.3-116,12.4,2,295.3,2020
61787,BHIII,53,GE,2.3-116,27.0,2,295.3,2020
61788,WT,1,DeWind,D8.2,12.0,2,262.0,2020
61789,DV,95,Acciona,AW125/3000,25.0,2,410.0,2020
61836,MIV,52,GE,2.3-116,18.6,2,90.0,2020
61848,WT1,10,Fuhrlander,FL 1000,15.0,3,229.0,2020
61858,WT,31,Siemens,SWT-2.3-108,24.6,2,80.0,2020
61865,1,66,Vestas,V136-3.45,15.2,2,105.0,2020
61866,1,29,Vestas,V136-3.45,19.4,1,344.5,2020
61876,PCWF1,80,GE,2.5-120,18.0,2,90.0,2020
61889,WSN1,71,GE,2.75-103,16.0,2,90.0,2020
61911,WT1,35,Siemens,SWT-2.625-120,16.8,3,262.4,2020
61916,PWEC,19,GE,2.5-116,15.3,2,470.0,2020
61916,PWEC2,33,GE,2.5-116,15.3,2,470.0,2020
61921,TAH,120,GE,2.5-120,18.5,2,292.0,2020
61925,CMNM,21,GE,2.5-100,19.0,2,265.0,2020
61926,ARM,126,GE,2.3-116,18.6,2,90.0,2020
61957,PW,88,Siemens,SWT-2.3-101,19.0,2,262.0,2020
61969,TWE,121,GE,2.5-120,13.2,1,308.0,2020
61970,BSII,85,GE,2.5-120,14.0,3,90.0,2020
61984,WTGS,105,Siemens,SWT-2.625-120,19.7,2,279.0,2020
61990,WIND,1,Northern Power,NPS 100C-24,12.0,3,120.0,2020
62035,GEW,82,GE,2.5-127,18.6,2,292.0,2020
62038,STRAE,120,GE,2.5-127,12.0,3,89.0,2020
62079,1,81,GE,2.5-100,17.0,2,295.3,2020
62080,1,53,GE,2.5-100,17.0,2,295.0,2020
62081,1,82,GE,2.5-100,17.0,2,295.0,2020
62103,1,56,GE,2.82-127,17.7,2,87.0,2020
62106,GHILL,1,VENSYS,VENSYS120,12.3,3,295.3,2020
62107,PLAI2,1,VENSYS,VENSYS120,12.8,3,295.3,2020
62108,PLAI3,1,VENSYS,VENSYS120,12.0,3,295.3,2020
62109,PLAI1,1,VENSYS,VENSYS120,12.4,3,295.3,2020
62110,SHUN1,1,VENSYS,VENSYS120,12.0,3,295.3,2020
62111,SHUN2,1,VENSYS,VENSYS120,12.7,3,295.3,2020
62112,SHUN3,1,VENSYS,VENSYS120,12.8,3,295.3,2020
62130,ROS,1,GE,1.79-100,17.0,3,263.0,2020
62132,1,17,Vestas,V110-2.0,16.8,3,312.0,2020
62132,WT1,125,Vestas,V110-2.0,16.8,3,312.0,2020
62133,1,140,Vestas,V110-2.0,16.8,3,312.0,2020
62133,GT1,100,Vestas,V110-2.0,16.8,3,312.0,2020
62142,AM-TX,96,GE,2.82-127,15.0,3,292.0,2020
62161,GWT,6,Vestas,V82-1.65,14.3,4,262.0,2020
62172,BIR,1,GE,1.79-100,17.4,3,263.0,2020
62220,WTGS,72,GE,2.72-116,19.9,2,295.0,2020
62227,WTGS,12,GE,2.5-120,18.8,2,292.0,2020
62247,PWPSD,57,GE,3.8-137,20.0,1,365.8,2020
62258,MES,56,Vestas,V136-3.45,15.0,2,367.0,2020
62259,RAN,120,GE,2.5-120,18.3,2,291.9,2020
62269,STNRY,39,Siemens,SWT-2.625-120,20.1,3,279.2,2020
62290,1,68,GE,2.5-127,13.2,4,292.0,2020
62291,PCWF,18,GE,2.5-120,16.0,3,295.3,2020
62333,T-1,1,GE,2.5-120,19.1,2,292.0,2020
62356,LOC,75,GE,2.5-127,18.0,2,89.0,2020
62364,WT1,74,Vestas,V136-3.6,19.1,2,269.0,2020
62380,ELLLC,123,GE,1.7-103,22.0,2,315.0,2020
62417,WT1,48,Acciona,AW125/3000,15.0,2,89.0,2020
62431,1,38,GE,2.82-127,8.6,2,291.0,2020
62442,LRCH,1,GE,2.0-116,16.2,3,262.0,2020
62445,WT,27,Vestas,V120-2.2,17.0,3,263.0,2020
62478,NFRW1,69,Vestas,V120-2.0,17.7,2,393.7,2020
62482,GEN1,20,GE,2.82-127,17.2,3,290.4,2020
62488,WT,59,Gamesa,G132-5.0,13.0,3,115.0,2020
62494,SKC,95,GE,2.82-127,16.5,2,290.0,2020
62563,HPWF,175,Vestas,V120-2.2,6.9,2,301.0,2020
62566,BS3,82,GE,2.5-100,18.0,3,291.0,2020
62570,32651,1,GE,1.5 SLE,16.1,1,282.5,2020
62587,MESQ,120,Siemens Gamesa,G132-3.465,16.2,2,101.0,2020
62591,1,63,Vestas,V136-4.2,19.0,2,269.0,2020
62606,WTHWP,24,GE,2.82-127,13.0,2,416.0,2020
62618,WT,14,Vestas,V136-3.6,19.0,3,367.0,2020
62624,WTCWF,89,Siemens Gamesa,SG 2.7-129,13.0,2,423.0,2020
62630,WTGS1,57,GE,2.82-127,17.7,2,290.0,2020
62642,GE-P2,1,GE,2.5-100,15.0,2,262.0,2020
62642,GE-P3,1,GE,2.75-120,15.0,2,291.0,2020
62653,T1,1,Goldwind,GW 87/1500,13.0,3,262.0,2020
62653,T2,1,Goldwind,GW 87/1500,13.0,3,262.0,2020
62653,T3,1,Goldwind,GW 87/1500,13.0,3,262.0,2020
62711,PLUM,82,GE,2.82-127,8.2,2,291.0,2020
62736,250KW,1,Fuhrlander,FL 250,10.0,3,131.0,2020
62736,850KW,1,Gamesa,G58-850,10.0,3,180.0,2020
62745,WIND,126,GE,2.52-116,10.1,3,295.3,2020
62752,L1,1,Goldwind,GW 87/1500,14.0,3,262.0,2020
62752,L2,1,Goldwind,GW 87/1500,14.0,3,262.0,2020
62752,L3,1,Goldwind,GW 87/1500,14.0,3,262.0,2020
62765,CAMPO,67,Vestas,V150-4.2,16.8,3,344.0,2020
62782,PEMWT,1,Nordic,N1000-59,19.9,2,190.3,2020
62795,1,81,GE,2.5-127,18.2,3,292.0,2020
62840,MTBRZ,62,GE,2.82-127,16.6,1,285.0,2020
62871,BGSPS,60,GE,2.3-116,18.9,2,90.0,2020
62891,ROSEW,25,Vestas,V150-4.2,17.0,2,344.0,2020
62897,HHCW1,2,Goldwind,GW 109/2500,14.5,2,328.0,2020
62935,OCHW,16,GE,2.5-127,14.8,2,89.0,2020
62936,RAT,57,Siemens Gamesa,SG 2.7-129,16.2,2,292.0,2020
62938,39001,43,GE,2.5-116,19.1,2,295.0,2020
62939,41001,29,GE,2.82-127,19.1,3,290.0,2020
62944,TRIV,31,Vestas,V150-4.2,16.8,3,311.7,2020
62952,CRW01,229,Vestas,V120-2.2,19.7,2,262.0,2020
63025,V110,11,Vestas,V110-2.0,16.8,3,262.5,2020
63025,V120,100,Vestas,V120-2.0,16.8,3,301.2,2020
63030,CBRKS,87,Siemens,SWT-2.3-108,17.0,2,80.0,2020
63053,PAWF,125,Vestas,V110-2.0,16.8,3,311.7,2020
63053,PAWF2,45,Vestas,V110-2.0,16.8,3,311.7,2020
63100,WTG,100,Acciona,AW132/3000,15.7,2,269.0,2020
63101,WTG,48,Goldwind,GW155/4200,16.5,3,361.0,2020
63103,WTG,92,GE,2.7-116,20.1,2,295.0,2020
63104,WTG,88,GE,2.82-127,17.7,2,290.0,2020
63114,MCWF,126,GE,2.82-127,17.9,3,295.0,2020
63132,WEAVR,22,Vestas,V126-3.3,16.8,3,384.0,2020
63133,82059,44,GE,2.82-127,12.9,3,295.0,2020
63133,82060,28,GE,2.82-127,12.9,3,295.0,2020
63133,82061,10,GE,2.82-127,12.9,3,295.0,2020
63205,1,38,Vestas,V136-3.45,16.1,3,269.0,2020
63251,LTW,32,GE,2.5-127,17.4,3,292.0,2020
63269,CRW2,88,GE,2.3-116,19.2,2,295.0,2020
63287,CGWF,13,GE,2.72-116,17.0,2,295.0,2020
63327,46001,112,GE,2.3-116,15.3,3,290.0,2020
63389,JCW,156,GE,2.82-127,12.0,3,292.0,2020
63393,T-1,1,GE,2.5-120,18.7,2,292.0,2020
63431,32001,4,Suzlon,S88-2100,17.8,2,262.4,2020
63432,32002,4,Suzlon,S64-1250,16.8,2,244.4,2020
63433,32003,3,Suzlon,S64-1250,16.8,2,244.4,2020
63436,WTG,21,GE,2.5-127,20.0,2,292.0,2020
63460,RCWF,2,GE,2.5-116,16.2,3,262.0,2020
63521,MCW1,3,GE,2.82-127,19.0,2,292.0,2020
63578,SWF01,240,Vestas,V120-2.2,19.5,2,262.0,2020
63590,PONDE,100,GE,2.5-116,14.0,3,260.0,2020
63639,COWF,41,GE,2.82-127,17.6,3,292.0,2020
63641,DTWF,122,Vestas,V136-4.2,16.8,3,344.5,2020
63666,BIT,52,GE,2.82-127,14.7,3,291.9,2020
63687,CWP,60,GE,2.5-127,17.7,3,292.0,2020
63689,RLFW,2,GE,2.3-116,17.9,3,262.5,2020
63803,WBOPL,108,GE,2.85-100,19.5,4,292.0,2020
63914,82633,72,GE,2.82-127,12.0,2,291.0,2020
63915,82634,72,GE,2.82-127,19.0,2,292.0,2020
63916,82635,48,GE,2.82-127,12.0,2,291.0,2020
63988,GEN1,94,GE,2.82-127,17.2,2,292.0,2020
64051,OCHW2,4,GE,2.5-127,14.8,2,89.0,2020
64052,OCHW3,4,GE,2.5-127,14.8,2,89.0,2020
64053,OCHW4,4,GE,2.5-127,14.8,2,89.0,2020
64057,WND,40,GE,2.5-127,14.9,3,262.0,2020
64130,RJGW,1,GE,2.5-116,17.0,2,262.0,2020
64309,SCWKS,120,GE,2.5-103,17.2,2,295.3,2020
64332,CHL2,1,GE,1.7-100,14.5,3,262.0,2020
64377,SG275,36,Siemens Gamesa,SWT-2.415-108,18.1,2,285.4,2020
64377,V110,33,Vestas,V110-2.0,18.1,2,262.5,2020
